Job;Company;City;Work Type;Work Model;Salary;Experience Level;Skills
Manager Data et Analytics F/H;Deloitte;Mechouar, Casablanca-Settat, Morocco (Hybrid);Full-time;Hybrid;;;Coaching, DWH, ETL, Esprit, Microsoft Business Intelligence (MSBI), Oracle Data Integrator (ODI), ?????????? ???? ?????, ???????, ?????????, and ??????? ????????
Data Analyst Senior;Leyton;Casablanca Metropolitan Area (On-site);Full-time;On-site;;Mid-Senior level;CRM, Microsoft Excel, PowerPoint, Python, Salesforce.com, ??????????, ?????????, ????????, ????????, and ???????? ?????????
Data Engineer F/H;Zenika;Casablanca Metropolitan Area (Hybrid);Full-time;Hybrid;;Mid-Senior level;Apache Kafka, Apache Spark, Google Cloud Platform (GCP), Kubernetes, NoSQL, ???????? ???????, ?????, ???? ??? ??????, and ?????
Senior Data Scientist;Leyton;Casablanca-Settat, Morocco (Hybrid);Full-time;Hybrid;;Associate;Decision Trees, Linear Regression, Python, Support Vector Machine (SVM), TensorFlow, XGBoost, ??????????, ????????? ?????????, ????? ??????, and ??? ????????
Backend Senior Developer H/F - Casablanca;Eskimoz;Casablanca Metropolitan Area (Hybrid);Full-time;Hybrid;;Mid-Senior level;PHP, ??????????, ????????? ?????? ?????, ??????? ??? ?????, ????????, ????? ????? ?????? ????? (SEO), ????? ?????? ???????? ???????, ?????? ??????? ??? ???????, ???? ????? ????? ???????? (DBMS), and ???? ???.?? ??
Senior Data Scientist (H/F);Attijariwafa bank;Casablanca Metropolitan Area (On-site);Full-time;On-site;;Associate;?????????, ?????????, ?????? ?????????, ?????????, ????????? ?????????, ???????, ???????? ????????, ????? ??????, ??????? ????????, ??? ????????, and ?????? ???????? ???????
Data Analyst;Tookeez;Prefecture of Casablanca, Casablanca-Settat, Morocco (On-site);Contract;On-site;;Mid-Senior level;Ad Hoc Analysis, SQL, ?????????, ???????? ???????, ?????????, ??????? ?? ????????, ?????????, ???????? ?????????, ????? ????????, and ??????? ????????
Administrateur Syst�mes et Bases de Donn�es;Wafa Assurance;Casablanca-Settat, Morocco (On-site);Full-time;On-site;;Associate;Listen, Notepad, Technical Specs, ??????? ?????, ???????, ???????? ????????, ?????????, ????? ?????????, ??? ????? ??????, and ????? ????????
D�veloppeur ERP H/F;Inetum;Casablanca, Casablanca-Settat, Morocco (On-site);Full-time;On-site;;Entry level;Costings, GxP, Microsoft Dynamics, Microsoft Dynamics 365, Microsoft Dynamics ERP, Technical Skillset, Technical Specs, ??????? ?????, ????????? ????????, and ????? ????? ????????
Consultant Odoo;Caisse Manager;Rabat, Rabat-Sal�-Kenitra, Morocco (On-site);Full-time;On-site;;Associate;Odoo
Business Developer;Sonate technologie;Casablanca Metropolitan Area (Hybrid);Full-time;Hybrid;;Mid-Senior level;???????, ??????????, ???????, ????? ???????, ????????, ??? ???????, ????? ???????, ????? ??????? ????????, and ????? ??????? ???????? ???????
Tech Lead Full Stack;Adria Business & Technology;Casablanca-Settat, Morocco (On-site);Full-time;On-site;;Internship;DevOps, Java, React.js, Spring Boot, Spring Framework, ????? ?????, and ????????? ???????
Glovo Africa Graduate Program - Morocco;Glovo;Casablanca, Casablanca-Settat, Morocco (On-site);Full-time;On-site;;Mid-Senior level;Oral Communication, ??????????, ?????????, ???????, ???????? ?????????, ?? ???????, and ?????? ??????? ??? ???????
Data Engineer/ TALEND;IBM;Casablanca, Casablanca-Settat, Morocco (On-site);Full-time;On-site;;Mid-Senior level;Technical Solution Design, ??????????, ?????????, ?????? ??? ????????, ?????? ?????????, ??????? ????????, ??????? ????????, ????? ????????, ?? ???????, and ??? ????????
Stagiaire VBA H/F;SEGULA Technologies;Mechouar, Casablanca-Settat, Morocco (On-site);Full-time;On-site;;Mid-Senior level;Python, VBA, ??????????, ?????????, ????? ???????, ?? ???????, and ????? ??? ???
Data Engineer;IBM;Casablanca, Casablanca-Settat, Morocco (On-site);Full-time;On-site;;Mid-Senior level;Azure Data Factory, Azure Databricks, Data Engineering, ?????????, ????? ????????, ????? ????????, ??? ????????, ????? ????????, ????? ????????, and ??? ????? ????????
Consultant Talend ETL (F/H);VISEO;Casablanca, Casablanca-Settat, Morocco (Hybrid);Full-time;Hybrid;;Associate;ETL, Log Management, Service Focused, Technology Intelligence, ???????? ?? ???????, ????????? ????????, ????? ????????, ????? ????????? ?????????, ??????, and ?????? ????????
D�veloppeur FullStack .NET Angular | Devoteam Maroc Nearshore;Devoteam;Rabat, Rabat-Sal�-Kenitra, Morocco (Hybrid);Full-time;Hybrid;;Mid-Senior level;.NET, ASP.NET Web API, Angular, Full-Stack Development, JUnit, JavaScript, Mockito, TypeScript, ?????? ??????, and ?????? ??????? ??? ???????
Digital Strategy Consultant (Technology Digital Advantage);Boston Consulting Group (BCG);Casablanca, Casablanca-Settat, Morocco (Hybrid);Full-time;Hybrid;;Mid-Senior level;Agile Leadership, Data Strategies, ??????????? ???????, ?????????? ????? ?????????, ?????????? ?????, ??????????, ??????????, ?????? ??????, ????????, and ????? ????????? ?????????
(Junior/Senior) Software Engineer - X Delivery;BCG X;Casablanca, Casablanca-Settat, Morocco (Hybrid);Full-time;Hybrid;;Mid-Senior level;CSS, Highcharts, OOP, Technical Advisory, ????? ???????, ????? ?????????, ?? ???????, ??????? ???????, ???? ??????? ????????, and ??? ???????
FULLSTACK DEVELOPER;Atrebo;Fez, F�s-Mekn�s, Morocco (On-site);Full-time;On-site;;Mid-Senior level;JavaScript, Methodology, OOP, Pair Programming, Skill Development, Training Plans, ???????? ?????????, ????????, ???????? ????????, and ???? ?????? ??????
Network Engineer Intern;Ericsson;Rabat, Rabat-Sal�-Kenitra, Morocco;Full-time;;;Associate;???? ???????, ????? ???????, ??????, ?????? ??????? ????????, ?????????, ?????????, ???????, ???????, ????? ???????, and ????? ???????
Prompt Engineer ;Leyton;Casablanca Metropolitan Area (Hybrid);Full-time;Hybrid;;Associate;MLOps, Python, ??????????, ?????????, ???????, ???????, ????????, ???? ??? ?????, ?? ???????, and ?????? ????? ????????
Senior Software Engineer;Thinkable;Morocco (Remote);Internship;Remote;;Associate;Angular, JavaScript, NestJS, React.js, TypeScript, ????? ?????????, ?????????, ???????, ?????? ???????, and ?? ??????? ???? ??????
Stage en informatique & Syst�mes d'Information;Masarat App;Temara, Rabat-Sal�-Kenitra, Morocco (Hybrid);Full-time;Hybrid;;Associate;Android, Angular, Continuous Integration and Continuous Delivery (CI/CD), OWASP, PHP, React Native, React.js, ?????? ??????, ????? ?????? ??? (AWS), and ???? ??? ??????
Chef de projet Web F/H;VISEO;Casablanca, Casablanca-Settat, Morocco (Hybrid);Temporary;Hybrid;;Associate;Atlassian Suite, Coordinating Skills, Costings, Synthesizing, V-Model, ????? ????? ?????, ??????, ???????? ????????, ???? ??? ?????, and ?????
Fresh Specialist - Morocco;Glovo;Casablanca, Casablanca-Settat, Morocco (Hybrid);Full-time;Hybrid;;Internship;Merchandising Strategies, ????? ???????, ??????????, ?????????, ???????? ?????????, ?????? ?? ??????, ???????, ?????? ???? ???? ??? ???????, ???????? ?????????, and ?????? ??????? ??? ???????
Consulting Data Manager;Artefact;Casablanca, Casablanca-Settat, Morocco (Hybrid);Full-time;Hybrid;;Associate;Esprit, ????? ????????, ?????????, ????? ???????, ???????? ?????????, ??????, ????, and ??? ????????
Manager;IDinsight;Rabat Metropolitan Area (On-site);Full-time;On-site;;Executive;Social Protection, Social Sector, Stata, ????? ????, ?????????, ????????, ??????? ??????, ??????? ???????, ???????, and ???????? ?????????
Responsable Qualification Produit H/F ;Inetum;Casablanca Metropolitan Area (Hybrid);Full-time;Hybrid;;Mid-Senior level;Esprit, Methodology, Synthesizing, ??????, ?????????? ????????, ??????? ??????? ????????, ??????? ??? ?????, ????? ?????????, ????? ????????, and ?????? ??????? ??? ???????
Data Architect (H/F);Sofrecom Maroc;Prefecture of Casablanca, Casablanca-Settat, Morocco (Hybrid);Full-time;Hybrid;;Mid-Senior level;Data Engineering, Python, Technical Skillset, ??????? ??? ?????, ???????? ????????, ???????? ???????, ????? ????????, ????? ????????, ????? ????????, and ??? ????? ????????
Consultant Exp�riment� en Business Intelligence F/H;Deloitte;Mechouar, Casablanca-Settat, Morocco (Hybrid);Mid-Senior level;Hybrid;;Associate;CSS, Next.js, React.js, Tailwind CSS, TypeScript, ??????? ??? ????????, ????? ????? ?????, ????? ??? ??????, ????? ??????? ????????, and ???? ??????
Senior Front-End Engineer;Spotbusiness;Casablanca-Settat, Morocco (Remote);Full-time;Remote;;Mid-Senior level;Java, Java Development, Security Assertion Markup Language (SAML), Software Architecture, Struts, ??????? ??????? ?????????, ???????, ?????????, ????? ?????? ??????? (SSO), and ???? ????? ????? ???????? (DBMS)
Ing�nieur �tudes et d�veloppement JAVA S�nior (F/H);CGI;Casablanca, Casablanca-Settat, Morocco;Full-time;;;Associate;Advising Clients, Staffing Processes, ????? ????????, ???????, ?????????, ???????, ????????, ????????, ????????, and ??? ??????
Business Developer(H/F);Gentis;Casablanca Metropolitan Area (On-site);Mid-Senior level;On-site;;Entry level;Esprit, Technical Skillset, ??????? ?????? ???????, ?????????, ??????????, ?????? ?? ???????, ??????? ??? ?????, ??????, ?????????, and ?????? ??????? ??? ???????
Coordinateur IT;Soci�t� G�n�rale - Africa Technologies & Services;Casablanca, Casablanca-Settat, Morocco (Hybrid);Part-time;Hybrid;;Internship;?????? A/B, ?????????, ??????? ??? ?????, ?????? ???????, ????? ???????? ??????? ????????, ??????? ????????, ?? ??????? ???? ??????, ??? ????????, ???? ????, and ?????? ????????
Senior Data Analyst (Flights team, Bangkok-based, Relocation provided);Agoda;Marrakesh, Marrakesh-Safi, Morocco;Full-time;;;Associate;Android, Barcode, Gmail, Online Search, ?????????, ??????????, ?????? ???? ????, ????????, ?????? ??????? ?? ?????????, and ????? ??????? ?????????
Freelance Personalized Internet Ads Assessor;TELUS International AI Data Solutions;Casablanca Metropolitan Area (Remote);Mid-Senior level;Remote;;Associate;Directorship, ????? ?????????, ?????? ???????, ???????, ???????, ???????, ???????, ????? ?????, ????????, and ????? ????????
Administrateur de syst�mes et de bases de donn�es/Administratrice de syst�mes et de bases de donn�es;SOREC;Rabat, Rabat-Sal�-Kenitra, Morocco (On-site);Internship;On-site;;Entry level;IT Project Management, ????? ?????????, ?????????? ????? ?????????, ????????????, ??????? ???????????, ?????? ?????????, ??????? ?, ???????? ?????????, ?????, and ?? ???????
Senior Manager - Platinion Casablanca;Boston Consulting Group (BCG);Casablanca, Casablanca-Settat, Morocco;Full-time;;;Mid-Senior level;??????????, ?????????, ????????? ????????, ???????, ?????? ?????????, ????????, ???????? ?????????, ????? ??????? ????????, ????? ????????, and ?????? ????? ????????
Sales Excellence Academy Program- Business Development Specialist (Stage PFE);Evernex;Casablanca-Settat, Morocco (On-site);Full-time;On-site;;Mid-Senior level;COBOL, DB2, Digital Technology, Gitlab, Technical Specs, ?????? ??????, ?????????, ?????????, ??????? ??? ?????, ????? ???, ????? ?????, and ???? ????? ?????????
D�veloppeur analyste Cobol;Inetum;Casablanca Metropolitan Area (Hybrid);Mid-Senior level;Hybrid;;Mid-Senior level;Java, SAP ERP, Skill Development, ???????, ????? ???????, ????? ????? ????????, ????? ?????????, ????? ?????????, ????? ??? ???, and ?????? ??????? ??????????? ?? Oracle
Software Development Manager (ERP);Oracle;Casablanca-Settat, Morocco (On-site);Mid-Senior level;On-site;;Entry level;Business Metrics, ?????? A/B, ?????????, ?????? ?????????, ?????? ???????, ??????? ????????, ??? ????????, ??????? ????????, ?????? ????????, and ??? ??????? ?????????
Supply Analytics Senior Manager (Bangkok-based role);Agoda;Marrakesh, Marrakesh-Safi, Morocco;Full-time;;;Associate;Business Case Preparation, Business Metrics, ?????? A/B, ?????????, ??????? ??? ?????, ?????? ?????????, ?????? ???????, ????? ????????, ??? ????????, and ??? ?????
Manager, Supply Analytics (Bangkok-based role);Agoda;Marrakesh, Marrakesh-Safi, Morocco;Full-time;;;Associate;Pipeline Design, RTL Coding, SIMD, ?????? ????????, ????????? ???????, ???????? ?????????, ??????? ?????????, ???????? ????????, ?? ???????, and ???? ??????
CASA - IT Engineer DBA - Database Administrator F/H;STMicroelectronics;Prefecture of Casablanca, Casablanca-Settat, Morocco (On-site);Mid-Senior level;On-site;;Mid-Senior level;Angular, Microservices, NoSQL, SOA, Software Architecture, Technical Skillset, ????? ???? ???????? (UED), ????? ???? ???????, ????? ?????, and ????? ??????? ?????????
Architecte Solutions H/F;Devoteam;Rabat, Rabat-Sal�-Kenitra, Morocco (On-site);Full-time;On-site;;Mid-Senior level;????? ????? ??????, ?????? A/B, ?????????, ?????????, ??????? ??? ?????, ?????? ?????????, ?????? ???????, ??????? ????????, ??? ????????, and ??? ????? ????????
Senior Analyst (Bangkok-based, Relocation provided);Agoda;Marrakesh, Marrakesh-Safi, Morocco;Full-time;;;Mid-Senior level;2G, Big-Picture Thinking, High Level Of Accuracy, Listen, ?????? ??????? ????????, ??????????, ??????, ?????? ?????????, ???????, and ????? ??? ???
Ing�nieur Radio Mobile (H/F);Sofrecom Maroc;Casablanca-Settat, Morocco (Hybrid);Associate;Hybrid;;Mid-Senior level;P2P, SAP, SAP ERP, SAP HANA, ???????, ???????? ?????????, ????? ???????, ???? ??????? ????? ???, ?????? ???????, and ?????????????
Consultant BI/BW H/F;Inetum;Casablanca, Casablanca-Settat, Morocco (On-site);Full-time;On-site;;Mid-Senior level;Like Challenges, Pragmatics, SQL, Scrum, ????? ????????, ??????? ??? ?????, ?????????, ???????? ????????, ???????, and ????? ?????????
Ing�nieur �tude et d�veloppement C/C++(H/F) - Rabat;Cegedim Maroc;Rabat Metropolitan Area;Full-time;;;Mid-Senior level;Microservices, Quality Oriented, Software Architecture, Spring Boot, Spring Framework, Technology Intelligence, ???????? ?????? ??? ?????? ??????, ????? ???? ??? ?????, ????? ?????, and ????? ??????????
ARCHITECTE JAVA/JEE;SQLI;Casablanca, Casablanca-Settat, Morocco (Remote);Full-time;Remote;;Associate;Feasibilities, Mechanicals, Technical Specs, VBA, ??????????, ??????? ??????? ????? ????????, ????????, ????????, ?????????, and ??????? ????????
Call for Resumes;DAI;Morocco (On-site);Contract;On-site;;Associate;CSS, ?????? ?????? ?????????, ?????? ?????? ??????, ?????????, ??????? ????????, ????? ???? ???????? (UED), ????? ????? ??? ????????, ????? ????? ????????, ???? ??????????, and ????? ?????????
Ing�nieur d'�tudes (H/F);SEGULA Technologies;Mechouar, Casablanca-Settat, Morocco (Remote);Full-time;Remote;;Entry level;Engine Development, Gmail, Remote Work, ?????????, ??????????, ?????? ???? ????, ????????, ????? ?????????, ????? ??? ????????, and ????? ??????? ?????????
Stagiaire Designer UX/UI;SQLI;Rabat, Rabat-Sal�-Kenitra, Morocco (On-site);Entry level;On-site;;Mid-Senior level;Apache Airflow, Data Operations, Development Operations, Google BigQuery, Meetup, Microservices, Obfuscation, Ops, Site Reliability Engineering, and ??????????
Freelance Personalized Internet Ads Assessor - French Speakers;TELUS International AI Data Solutions;Morocco (Remote);Full-time;Remote;;Associate;Continuous Integration and Continuous Delivery (CI/CD), Infrastructure Development, Python, Web Architecture, ???? ??????, ????? ?????????, ????? ?????? ???????? ???????, ?? ???????, ?????????? ????, and ?????? ????? ?????????
Data Ops Engineer | Devoteam Maroc Nearshore;Devoteam;Rabat, Rabat-Sal�-Kenitra, Morocco (Hybrid);Full-time;Hybrid;;Associate;High Level Of Accuracy, Linux, PostgreSQL, Unix, ??????????, ??????? ??? ?????, ??????? ?????, ????? ?????, ????? ????????, and ???? ????? ????? ???????? (DBMS)
BCG X Platform Engineer Manager;Boston Consulting Group (BCG);Casablanca, Casablanca-Settat, Morocco;Full-time;;;Mid-Senior level;ActiveMQ, Java, Java Enterprise Edition, OSGi, Open API, Swagger API, WebSphere ESB, ???????, ????? ??????? ??????, ????? ??? J2EE, and ?????? ????? ?????????
Administrateur Bases de donn�es (H/F)- Maroc;anywr.io;Prefecture of Casablanca, Casablanca-Settat, Morocco (On-site);Full-time;On-site;;Associate;Anaplan, Esprit, ModelBuilder, ??????, ?????? ??????, ?????? ???? ????????, ?????????, ???????, ??? ????????? ????????, and ??? ???????
Consultant Expert Web Methods;ilem Group;Casablanca Metropolitan Area (On-site);Mid-Senior level;On-site;;Mid-Senior level;Next.js, REST APIs, React.js, Symfony Framework, ????????, and ?????
Model Builder Anaplan Junior F/H;Deloitte;Mechouar, Casablanca-Settat, Morocco (Hybrid);Full-time;Hybrid;;Mid-Senior level;Staffing Processes, ????? ?????????, ?????????, ??????, ??????? ??????? , ????? ????? ???????, ????? ????? ????????, ??? ???????? ?????, ?? ????????, and ?????? ??????? ??? ???????
Responsable d�veloppement Web et mobile;Monarkit.net;Marrakesh, Marrakesh-Safi, Morocco (On-site);Director;On-site;;Entry level;JIRA, Python, Scrum, Terraform, ????? ?????????, ??????? ????????, ??????? ?????????, ????? ?????? ??? (AWS), ????? ?? ??? ?????, ???? ???????, and ?????????? ????
BCG X Senior Staffing Specialist;Boston Consulting Group (BCG);Casablanca, Casablanca-Settat, Morocco;Full-time;;;Mid-Senior level;Business Architecture, Director level, SOA, Technical Project Management, Technology Consulting, ????? ????????, ????? ?????????, ?????????, ??????? ????????, and ????? ?????????
TechLead Cloud Data (F/H);CGI;Rabat, Rabat-Sal�-Kenitra, Morocco (Hybrid);Internship;Hybrid;;Associate;HTML5, JavaScript, PHP, Symfony Framework, ??????????, ???????, ??????? ??????? ?????????, ????? ????????, ????? ???????, and ????? ????????
Chief Enterprise Architect- Platinion Casablanca;Boston Consulting Group (BCG);Casablanca, Casablanca-Settat, Morocco;Full-time;;;Mid-Senior level;????????? and ???????
Ing�nieur Concepteur D�veloppeur Symfony (Rabat);SQLI;Rabat, Rabat-Sal�-Kenitra, Morocco (On-site);Full-time;On-site;;Mid-Senior level;Microsoft SQL Server, Synthesizing, ??????????, ?????????, ??????? ??????, ????????, ????? ???????, ????? ??????? ????????, ????? ????????, and ????? ??? ???
Stagiaire Chef de Projets;Optimum Marketing Group;Prefecture of Casablanca, Casablanca-Settat, Morocco (On-site);Full-time;On-site;;Associate;Big-Picture Thinking, Esprit, Implementation Plans, Sensitivity, Service Focused, Synthesizing, ?????????, ???????, ???????? ???? ???? ???? ????? ??????, and ???? ?????
Analyste des d�fauts EE;SEGULA Technologies;Mechouar, Casablanca-Settat, Morocco (Remote);Full-time;Remote;;Associate;????? ?? ??? ?????
Consultant Junior IT M&A � Tech&IT Due Diligence et PMI F/H;Deloitte;Mechouar, Casablanca-Settat, Morocco (Hybrid);Part-time;Hybrid;;Associate;Scrum, ????????? ???????, and ????? ???????
Presales Engineer;Evernex;Casablanca Metropolitan Area (On-site);Full-time;On-site;;Mid-Senior level;Computer Programming, GxP, Network Technologies, Sensitivity, Virtual Routing and Forwarding (VRF), ??????????, ???????, ??????? ??? ?????, ????? ?????????, and ?????? ????? ?????????
Scrum Master;SII SERVICES MAROC;Prefecture of Casablanca, Casablanca-Settat, Morocco (On-site);Full-time;On-site;;Associate;JSON, Java, Java Enterprise Edition, SQL, TIBCO, TIBCO BusinessWorks, TIBCO EMS, XML, XML Schema Definition (XSD), and ???????? ?????? ??? ?????? ??????
Ing�nieur DevOps;Devoteam;Rabat, Rabat-Sal�-Kenitra, Morocco (On-site);Full-time;On-site;;Associate;Business Case Development, Container Orchestration, IT architectures, IaaS, Service Mesh, Skill Development, ????? ?????????, ???????, ??????? ???????, and ?????????
Manager API (MuleSoft) F/H;Deloitte;Mechouar, Casablanca-Settat, Morocco (Hybrid);Full-time;Hybrid;;Entry level;Coordinating Skills, Data Streaming, Synthesizing, ??????? ?????? ????, ??????? ??? ?????, ?????? ????????, ????????, ?????, ??? ???????, and ?????? ??????? ??? ???????
Consultant Expert Tibco;Inetum;Prefecture of Casablanca, Casablanca-Settat, Morocco (Hybrid);Full-time;Hybrid;;Associate;Zoho, ????? ????? ?????????, ???????, ?????????, ????????????, ???????, ???????, ???????, ???????? ?????????, and ?????? ???
Senior Architect;BCG Platinion;Casablanca-Settat, Morocco (Hybrid);Full-time;Hybrid;;Associate;Digital Accessibility, Investigator Brochures, SQL, ??????????, ????????? ?????? ?????, ??????? ????????, ???????? ?????????, ????? ????????, ????? ????????, and ????? ????????? ?????????
Architecte SI Exp�riment� F/H;Deloitte;Mechouar, Casablanca-Settat, Morocco (Hybrid);Mid-Senior level;Hybrid;;Entry level;Costings, Hyperion Planning, PL/SQL, Seeing the Bigger Picture, ??????? ?????? ???????, ??????? ??????? ???????, ???? ?????? ??????, ????? ?????? ??????, ?????? ???????, and ?????? ??????? ??? ???????
Consultants Zoho;Alithya;Tangier Metropolitan Area (On-site);Full-time;On-site;;Associate;Hypertext Transfer Protocol (HTTP), Iperf, L2TP, Process Explorer, Procmon, Tcpdump, Technical Advisory, ??????????, ????????, and ?????? ???? ????
D�veloppeur BI S�nior Snowflake;Eviden;Casablanca-Settat, Morocco (Hybrid);Full-time;Hybrid;;Mid-Senior level;Container Orchestration, DevOps, Kubernetes, Terraform, ????? ??? ??????, ???? ???, ?????? ???????, ????? ??????, ????? ????????, and ???? ????? ????? ???????? (DBMS)
Consultant Oracle PL/SQL (F/H);CGI;Mechouar, Casablanca-Settat, Morocco (On-site);Mid-Senior level;On-site;;Director;Graphic Design Principles, JavaScript, OOP, TypeScript, ???????? ?????????, ????? ?????????, ??????? ?????, ???? ??? ??????, ???? ?????? ?????, and ????? ????????
Software Support Expert Engineer with French;Acronis;Rabat, Rabat-Sal�-Kenitra, Morocco;Entry level;;;Associate;CI, Continuous Integration and Continuous Delivery (CI/CD), DevOps, IP development, Infrastructure as code (IaC), Technical Advisory, ????? ???????, ????? ???????, ?? ???????, and ??????? ???????
Ing�nieur DevOps H/F;Sofrecom Maroc;Rabat, Rabat-Sal�-Kenitra, Morocco (Hybrid);Full-time;Hybrid;;Associate;.NET, C#, Software Architecture, jQuery, ????? ????????, ???? ??????, ?????????, ????? ?????????, ????? ????????, and ???? ????? ????? ???????? (DBMS)
Tech Lead JavaScript ;Leyton;Casablanca Metropolitan Area (Hybrid);Full-time;Hybrid;;Director;DevOps, Esprit, Google Cloud Platform (GCP), ?????? ?? ?? 2, ????? ????? ???????, ??????? ?????? ????, ??????? ??? ?????, ????? ????????, ?????????? ????, and ?????? ??????? ??? ???????
Engineering Lead, DevOps - X Delivery;BCG X;Casablanca, Casablanca-Settat, Morocco;Full-time;;;Associate;C, SAP, Technical Specs, Unix, webMethods, ????? ???????, ????? ????? ?????? ????, ????? ?????, ????????? ????????, ????? ??? ???, and ?????? ??????? ??? ???????
Ing�nieur �tudes et d�veloppement .net Confirm� (F/H) - Rabat;Cegedim;Rabat, Rabat-Sal�-Kenitra, Morocco;Full-time;;;Mid-Senior level;Ansible, Apache Kafka, Azure Kubernetes Service (AKS), DevOps, Keycloak, ????? ?????????, ???????? ?????????, ????????? ????????, ????? ?????, ????? ????????, and ?????????? ????
Ing�nieur Exp�riment� Cloud F/H;Deloitte;Mechouar, Casablanca-Settat, Morocco (Hybrid);Full-time;Hybrid;;Associate;C, Financial Management, High Level Of Accuracy, Priority Management, Unix, ????? ?????????, ????? ?????????, ?????????, ??????????, ???????, and ????? ???????
 Expert Webmethods (F/H);CGI;Rabat, Rabat-Sal�-Kenitra, Morocco (Hybrid);Full-time;Hybrid;;Associate;Priority Management, ?????????, ???????, ???????, and ??? ???????
DevOps Azure (H/F);LabelVie;Prefecture of Casablanca, Casablanca-Settat, Morocco (On-site);Full-time;On-site;;Entry level;Comic Books, Compellent, Convincing People, Paper Prototyping, Technology Intelligence, ?????????, ???????, ???????, ???????? ????????, and ???? ????? ????? ???????? (DBMS)
Chef de projet Billing SI et d�veloppement Services;Orange Maroc;Prefecture of Casablanca, Casablanca-Settat, Morocco (On-site);Full-time;On-site;;Associate;Digital Technology, High Level Of Accuracy, ????? ?????????, ????? ???????, ?????????, ??????? ??? ?????, ????????, ??????, ?????? ??????, and ?????? ??????? ??? ???????
Animateur Optimisation Economique Cellule H/F;SEGULA Technologies;Mechouar, Casablanca-Settat, Morocco (On-site);Entry level;On-site;;Mid-Senior level;Bitbucket, Cucumber, Java, Python, ??????, ??????????, ?????????, ??? ???, ????? ?????? ??????, and ????? ????????
 Leader Technique Windev (F/H) ;CGI;Casablanca-Settat, Morocco (Hybrid);Entry level;Hybrid;;Associate;Esprit, PostgreSQL, Sprint Planning, ???????? ???????, ???????? ????????, ???????, ?????????? ????????, ??? ???????/????????, ?????? ??????? ??? ???????, and ????? ????????
Proxy Product Owner Pricing (H/F);LabelVie;Casablanca-Settat, Morocco (On-site);Full-time;On-site;;Associate;CSS, HTML5, JavaScript, JavaScript Frameworks, NestJS, PostgreSQL, TypeORM, ?????? ??????, ??????? ??????, and ????? ??????? ??????
 Expert Test et Automatisation (F/H);CGI;Rabat, Rabat-Sal�-Kenitra, Morocco (Hybrid);Full-time;Hybrid;;Associate;????? ????????, ??????, ??????????, ?????????, ????????, ????????, ???????? ?????????, ?????? ???, ???? ??????, and ????? ?????? ??????? ?????? ?????????
Ing�nieur Test et Automatisation Confirm� (F/H) - Rabat (Maroc);Cegedim;Rabat, Rabat-Sal�-Kenitra, Morocco;Full-time;;;Mid-Senior level;.NET
D�veloppeur Javascript confirm� VueJs/React/NestJs (H/F)-RABAT-MAROC;Cegedim;Rabat, Rabat-Sal�-Kenitra, Morocco;Full-time;;;Mid-Senior level;Digital Technology, ????? ?????????, ??????????, ?????????, ???? ?????????? ??? ????????, ??????? ????????, ???????, ????????, ???????, and ???????? ?????????
Problem Engineer;ALTEN;Rabat, Rabat-Sal�-Kenitra, Morocco (Hybrid);Full-time;Hybrid;;Mid-Senior level;Contingency, Margin Analysis, ????? ?????? ???????, ?????? ?? ???????, ?????? ??????, ????????, ???????, ????? ???????, ????? ???????, and ?????? ???????
Dev Fullstack Java/React;DXC Technology Morocco;Casablanca Metropolitan Area (Hybrid);Full-time;Hybrid;;Associate;DSI, ?????????, ????? ???????, ?????? ???????, ???????? ?????????, ???????? ????????, ????? ????? ?????????, ??? ?? ???????, ?????? ????????, and ???? ????? ????? ???????? (DBMS)
Project Manager;Orange Business Maroc;Casablanca Metropolitan Area (Hybrid);Full-time;Hybrid;;Associate;DAX, Microsoft Excel, Microsoft Power BI, and ????? ???????? ??????? ????????
Senior Cost Controller;JESA S.A;Casablanca, Casablanca-Settat, Morocco (Hybrid);Full-time;Hybrid;;Mid-Senior level;Angular, CMS, CSS, Git, HTML, JavaScript, Vue.js, ?????? ??????? ????????, ????? ??? ??????, and ???? ???? ????? ???????
Stage Audit IT F/H;Deloitte;Mechouar, Casablanca-Settat, Morocco (Hybrid);Mid-Senior level;Hybrid;;Associate;Python, R, VBA, VBA Excel, and ???????
Report Designer (M/F);Orange Business Maroc;Rabat, Rabat-Sal�-Kenitra, Morocco (Hybrid);Full-time;Hybrid;;Mid-Senior level;Hypertext Transfer Protocol (HTTP), Iperf, L2TP, Process Explorer, Procmon, Tcpdump, Technical Advisory, ?????????, ??????????, and ?????????
Senior Front-end Developer;Leyton;Casablanca Metropolitan Area (Hybrid);Full-time;Hybrid;;Mid-Senior level;Meeting Facilitation, Supplier Management, ????? ?????, ??????? ??????? ????? ????????, ???????, ???????, ????? ???????, ???? ??? ?????, ????? ??? ???, and ????? ????????
Ing�nieur quantitatif Senior;CREDIT DU MAROC;Casablanca Metropolitan Area (On-site);Contract;On-site;;Internship;Catalog Marketing, High Level Of Accuracy, Microsoft Excel, Office Automation, ?????????, ??????? ??? ?????, ???????? ????????, ?????? ??????? ??? ???????, and ??? ????? ????????
Software Support Expert Engineer (German Language);Acronis;Rabat, Rabat-Sal�-Kenitra, Morocco;Full-time;;;Associate;GIS Applications, Technology Intelligence, ???????, ????? ?????, ???????? ????????, and ?????? ???????
Charg� de D�veloppement Infotainment;Expleo Group;Tangier, Tanger-Tetouan-Al Hoceima, Morocco (Hybrid);Full-time;Hybrid;;Mid-Senior level;CSS, Doctrine (PHP), Esprit, HTML, JavaScript, ?????????, ???????, ?????? ????????, ????? ??? ??????, and ????? ?????? ???????? ???????
Data Owner - Catalog;Orange Business Maroc;Rabat, Rabat-Sal�-Kenitra, Morocco (Hybrid);Full-time;Hybrid;;Associate;Coordinating Skills, DCS, Electrical Power Systems, Hybrids, Post Processing, ???????, and ????????
Expert Infrastructure;Attijariwafa bank;Casablanca-Settat, Morocco (On-site);Full-time;On-site;;Mid-Senior level;Angular, CSS, Digital Technology, HTML5, Intellectually Curious, Vue.js, ???????, ????? ?????????, ????? ??????? ????????, and ???? ???.?? ??
D�veloppeur(se) Web Full Stack exp�riment�(e) F/H;Deloitte;Mechouar, Casablanca-Settat, Morocco (Hybrid);Full-time;Hybrid;;Mid-Senior level;DevOps, Esprit, Google Cloud Platform (GCP), ?????? ?? ?? 2, ????? ????? ???????, ??????? ?????? ????, ??????? ??? ?????, ????? ????????, ?????????? ????, and ?????? ??????? ??? ???????
ADAS Software Architect;Capgemini Engineering;Casablanca Metropolitan Area (Hybrid);Full-time;Hybrid;;Executive;Cisco Networking, ????? ???????, ???????, and ?????? ????? ??????-?????? ????? ??????
ING�NIEUR D�VELOPPEUR CONCEPTEUR ANGULAR - RABAT (H/F);SQLI;Rabat Metropolitan Area (Hybrid);Full-time;Hybrid;;Associate;Google Sheets, Python, ??????????, ?????????, ????????? ????????, ?????????, ???????? ?????????, ??????? ????????, ?? ???????, and ?????? ?????? ????????
Ing�nieur Exp�riment� Cloud F/H;Deloitte;Mechouar, Casablanca-Settat, Morocco (Hybrid);Full-time;Hybrid;;Associate;Uranium, ???????, ??????? ?????????, ??????? ??????????, ????? ???????, ????? ??? ???, ??? ???????, and ????? ????????
INGENIEUR RESEAUX ET TELECOM H/F;MAROCLEAR;Casablanca Metropolitan Area (On-site);Full-time;On-site;;Associate;Java, JavaScript, and SQL
Senior Operations Analyst - Morocco;Glovo;Casablanca, Casablanca-Settat, Morocco (Hybrid);Full-time;Hybrid;;Mid-Senior level;Encoding, Fault Analysis, Roll Forming, Simulink, UML, ??????????, ?????????, ?????????, ??????? ???????, and ????
Directeur de la technologie/Directrice de la technologie;INNOVX;Casablanca Metropolitan Area (On-site);Full-time;On-site;;Associate;Automobiles, Competency Management, Costings, Design Tools, Supplier Management, ????? ?????, ??????? ?????? ?????????, ????? ???????, ?? ????????, and ??? ??????? ?????? ???????
Senior Java Software Engineer;Soci�t� G�n�rale - Africa Technologies & Services;Casablanca, Casablanca-Settat, Morocco (Hybrid);Full-time;Hybrid;;Entry level;.NET, GxP, Kendo Ui, Technical Skillset, Technology Intelligence, ?????, ???????? ????????, ?????? ?????????, ????? ?? ??? ?????, and ????? ??????? ?????????
ADAS Technical Functional Designer ;APSIDE Maroc;Casablanca-Settat, Morocco (On-site);Full-time;On-site;;Associate;General Data Protection Regulation (GDPR), ????? ????? ?????????, ????? ???????? ?? ??????? (EPM), ????? ?????????, ???????, ???????, ????? ???????, ???????? ?????????, ????? ????????, and ????? ??? ???
Engineering Team Manager (H/F);Capgemini Engineering;Casablanca-Settat, Morocco (Hybrid);Full-time;Hybrid;;Internship;Angular and Java
Architecte technique Microsoft;SQLI;Casablanca, Casablanca-Settat, Morocco (Remote);Full-time;Remote;;Mid-Senior level;Coordinating Skills, DCS, Electrical Power Systems, Hybrids, Post Processing, ???????, and ????????
Consultant EPM F/H;VISEO;Casablanca, Casablanca-Settat, Morocco (Hybrid);Full-time;Hybrid;;Director;Coordinating Skills, Figures, Service Focused, ?????? ?????? ?????????, ???????, ?????????, ????? ????????, ???? ???????, ??? ???????, and ?????? ??????? ??? ???????
D�veloppeur Fullstack Java Angular ;Orange Business Maroc;Rabat, Rabat-Sal�-Kenitra, Morocco (Hybrid);Full-time;Hybrid;;Mid-Senior level;Angular, Cucumber, Java, Mockito, Spring Framework, ????? ???????, ????? ????? ?????? ????, ??????, ????? ?????? ???????? ???????, and ???? ????? ????? ???????? (DBMS)
Ing�nieur Test Software embarqu� ;Capgemini Engineering;Casablanca Metropolitan Area (Hybrid);Full-time;Hybrid;;Mid-Senior level;CSS, HTML, Java, JavaScript, ????? ???? ????? ?????????, ??????? ??? ?????, ?????? ???, ?????? ???????, ????? ?????? ??????? ?????? ?????????, and ?????? ??????? ??? ???????
Stagiaire PFE - Operations Excellence Analyst (F/H);VISEO;Morocco (On-site);Full-time;On-site;;Entry level;Analytical Capability, Persuader, Risk Governance, Synthesizing, ????? ???????, ??????????, ??????? ??? ?????, ?????? ????? ???????, ?????, and ?????? ??????? ??? ???????
Senior Java & Web Technologies Application Developer;IBM;Casablanca, Casablanca-Settat, Morocco (On-site);Full-time;On-site;;Internship;Best Case, ?????, ??????????, ?????????, ???????, ????? ???????, ????????, ????? ???????, ????? ????????, and ????? ???? ????? ????????
Consultant ServiceNow;Orange Business Maroc;Rabat, Rabat-Sal�-Kenitra, Morocco (Hybrid);Full-time;Hybrid;;Associate;Angular, Apache Kafka, Elasticsearch, Java, React.js, Spring Boot, Spring Framework, Talend, ???????? ???????, and ??????
Leader Ing�nierie Syst�me clim et refroidissement H/F;SEGULA Technologies;Mechouar, Casablanca-Settat, Morocco (On-site);Mid-Senior level;On-site;;Associate;CRM, Change Requests, NetSuite, Report Building, Workflow Management, ????? ?????????, ????? ?????, ?????????, ????? ??????? ????????, and ????? ????????
Sales Executive - Agadir;Glovo;Agadir, Souss-Massa, Morocco (Hybrid);Full-time;Hybrid;;Associate;Offshore, Unix, WS, webMethods, ????? ????? ?????? ????, ?????????, ???????? ?????????, ????? ??????? ??????, ??? ????? ???????? (CGI), and ?????? ????????
D�veloppeur Java F/H;VISEO;A�n-Chock, Casablanca-Settat, Morocco (On-site);Full-time;On-site;;Mid-Senior level;Agile Environment, Digital Technology, Intellectually Curious, Terraform, ??????????, ???????? ???????, ??????? ????????, ???????, ????? ????????, and ?????????? ????
Ing�nieur D�veloppement logiciel Java/Angular;Be Ys Outsourcing Services Maroc;Casablanca Metropolitan Area (On-site);Full-time;On-site;;Associate;Data Integrity, Information Technology Infrastructure, Root Cause Problem Solving, ?????????, ?????????, ????? ?????, ?? ???????, ?? ????????, ???? ??????? ?????????, and ????? ????????
Ing�nieur Syst�me d'information;Digimind - an Onclusive company;Rabat, Rabat-Sal�-Kenitra, Morocco (Hybrid);Full-time;Hybrid;;Mid-Senior level;C#, InfoPath Forms, SharePoint, Synthesizing, ??????????, ?????????, ??????? ????????, ???????, ???? SharePoint, and ?????????? ????
Expert Webmethods (F/H);CGI;Rabat, Rabat-Sal�-Kenitra, Morocco;Full-time;;;Associate;Capabilities Development, Journaling, Professional Development, Safety Practices, Technology Intelligence, ????? ???????, ????? ?????, ????? ????????, ?? ???????, and ??? ???????
Ing�nieur Cloud AWS/Azure;Orange Business Maroc;Casablanca Metropolitan Area (Hybrid);Full-time;Hybrid;;Entry level;Java and Spring Framework
Ing�nieur Syst�mes & BD;S2M;Casablanca Metropolitan Area (On-site);Full-time;On-site;;Mid-Senior level;Java, Liferay, jBPM, jQuery, ???????? ?????? ??? ?????? ??????, and ???? ????? ?????? (JMS)
D�veloppeur Sharepoint;Alter Solutions Maroc;Casablanca, Casablanca-Settat, Morocco (On-site);Full-time;On-site;;Director;Customer Journeys, High Level Of Accuracy, Project Managers, Technical Specs, ????? ?????????, ?????????, ????? ???????, ???????? ????????, ???? ???????, and ????? ????????
Associate DevOps Manager;Leyton;Casablanca Metropolitan Area (Hybrid);Full-time;Hybrid;;Entry level;Coordinating Skills, DAX, ETL, Investigator Brochures, Synthesizing, ??????????, ?????????, ?????? QlikView, ??????? ????????, and ???? ??????
Software Architect/Technical lead;SII SERVICES MAROC;Rabat, Rabat-Sal�-Kenitra, Morocco (On-site);Full-time;On-site;;Associate;????? ?????? and ????? ??????? ????????
D�veloppeur Java-Liferay;Inetum;Prefecture of Casablanca, Casablanca-Settat, Morocco (Hybrid);Full-time;Hybrid;;Associate;DevOps, Google Cloud Platform (GCP), Network Provisioning, Virtual Networks, ????? ???????, ??????? ?????? ????, ??????? ??? ?????, ??????? ?????, ????? ??????, and ?????? ??????? ??? ???????
Chef de projet;Sofrecom Maroc;Rabat, Rabat-Sal�-Kenitra, Morocco (Hybrid);Entry level;Hybrid;;Associate;Angular, Apache Kafka, High Level Of Accuracy, Java, Java Development, Struts, ??????, ????? ?????, ??????, and ???? ??? ??????
D�veloppeur Power BI exp�riment�;Alter Solutions Maroc;Casablanca, Casablanca-Settat, Morocco (On-site);Mid-Senior level;On-site;;Associate;Full-Stack Development, GxP, Java, Maven, Struts, ?????? ??????, ??????? ???????, ????? ?????? ???????? ???????, ????, and ????? ???????
Business Analyst/recetteur AMOA;ALTEN;Rabat, Rabat-Sal�-Kenitra, Morocco (Hybrid);Full-time;Hybrid;;Mid-Senior level;Budgeting & Forecasting, ????? ?????????, ?????????, ??????? ??????, ????????? ??????, ????????, ?????? ?????????, ???????, ?? ???????, and ?????? ?????? ????????
Architecte Exp�riment� Cloud F/H;Deloitte;Mechouar, Casablanca-Settat, Morocco (Hybrid);Internship;Hybrid;;Entry level;CSS, Jasmine Framework, OOP, ????? ???????, ?????? ?????????, ?????, ????? ?????????, ????? ????????, ?? ???????, and ???? ??????? ????????
D�veloppeur Java / JEE -Senior- CDI - F/H;Eviden;Prefecture of Casablanca, Casablanca-Settat, Morocco (Hybrid);Full-time;Hybrid;;Mid-Senior level;Candidate Selection, Job Applications, ??????, and ????? ????????
D�veloppeur Confirm� Java Full stack (H/F) RABAT (Maroc);Cegedim;Rabat, Rabat-Sal�-Kenitra, Morocco;Full-time;;;Associate;.NET, Angular, C#, Git, JavaScript, Model-view-viewmodel (MVVM), REST, TypeScript, ???? ??????, and ??????????
BCG X Senior Product Financial Analyst;Boston Consulting Group (BCG);Casablanca, Casablanca-Settat, Morocco;Full-time;;;Associate;Digital Technology, Java, Java Development, Spring Framework, Struts, ???? ???? ???? (JSF), ?????????, ??????, ????? ?????? ???????? ???????, and ????? ?????
(Senior) Software Engineer, Quality - X Delivery;BCG X;Casablanca, Casablanca-Settat, Morocco (Hybrid);Full-time;Hybrid;;Mid-Senior level;3D Studio Max, CSS, GxP, HTML5, Module Development, Technology Intelligence, TypeScript, ????? ????? ?????, ???????, and ??????? ?????????
Stage de pr�-embauche (6 mois) - Recruteur IT (H/F);Atlas Talents;Marrakesh, Marrakesh-Safi, Morocco (Hybrid);Full-time;Hybrid;;Mid-Senior level;MEP Coordination, SLA, ??????? ??? ?????, ???????, ????? ?????????? ???????, ????????? ????????, ???????? ????????, ?????, ??? ?? ???????? ????????, and ?????? ??????? ??? ???????
.NET Developer (m/f);Hahn Software;Morocco (Remote);Full-time;Remote;;Associate;Continuous Integration and Continuous Delivery (CI/CD), DevOps, JavaScript, Kubernetes, Linux, Python, Terraform, ????????? ????????, ??????? ????????, and ???? ??? ??????
Java/JEE D�veloppeur (Confirm�s et S�niors) H/F;Inetum;Rabat Metropolitan Area (On-site);Full-time;On-site;;Executive;Cloud Infrastructure, DevOps, Flux, Kubernetes, Python, Terraform, ????? ????? ???????, ????? ??? ??????, ????? ?????????, and ????? ?????
Architecte Front;SQLI;Casablanca, Casablanca-Settat, Morocco (Remote);Full-time;Remote;;Associate;CANoe, Coordinating Skills, Detailed Design, Model Design, Vector CANalyzer, ?????????, ?????????? ???????, ??????? ????????, ??????? ???????, and ??????? ??????
CHARG�(E) DE NORMES ET DOCTRINES;BMCI Groupe BNP Paribas;Casablanca Metropolitan Area (On-site);Mid-Senior level;On-site;;Associate;GitOps, Kubernetes, New Product Rollout, ??????? ??? ?????, ?? ???????, ?? ????????, ???? ????? ?????????, ????? ?????, ????? ???????, and ?????? ??????? ??? ???????
Chef de Projet BI Anglophone (F/H) ;CGI;Casablanca-Settat, Morocco (Hybrid);Mid-Senior level;Hybrid;;Mid-Senior level;Compellent, Convincing People, New Product Rollout, Paper Prototyping, Technology Intelligence, ?????????, ???????, ???????, ???????? ????????, and ???? ????? ????? ???????? (DBMS)
Chef de Projet BI Anglophone (F/H);CGI;Casablanca, Casablanca-Settat, Morocco;Full-time;;;Entry level;Compellent, Convincing People, New Product Rollout, Paper Prototyping, Technology Intelligence, ?????????, ???????, ???????, ???????? ????????, and ???? ????? ????? ???????? (DBMS)
DevOps Technical Lead;Oracle;Casablanca-Settat, Morocco (On-site);Full-time;On-site;;Associate;HTML5, Java, JavaScript, Linux, MySQL, Objective-C, PHP, REST APIs, ????? ?????????, and ?????? ???????
Ing�nieur DevOps SRE Senior;Devoteam;Dar Chaffai, Casablanca-Settat, Morocco (Remote);Full-time;Remote;;Associate;DevOps, Optimization Strategies, Python, YAML, ?????? ???????, ??????? ??? ?????, ????? ??????, ????? ?????????, ??????? ??????, and ?????? ??????? ??? ???????
MBD Engineer;ALTEN MAROC;Rabat, Rabat-Sal�-Kenitra, Morocco (Hybrid);Full-time;Hybrid;;Associate;Bloomberg, ??????? ???????, ??????????, ?????????, ????? ??????, ????? ???????, ??????, ???????? ?????????, ????? ????????, and ?????
Ing�nieur DevOps Kubernetes | Devoteam Maroc Nearshore;Devoteam;Rabat, Rabat-Sal�-Kenitra, Morocco (Hybrid);Full-time;Hybrid;;Associate;Intellectually Curious, Zephyr, ?????? ?????????, ??????????, ????????, ????????? ????????, ???????? ?????????, ???????, ????????, and ????? ??????????
Leader Technique Dot Net (F/H);CGI;Casablanca, Casablanca-Settat, Morocco;Internship;;;Mid-Senior level;Ansible, DevOps, Git, OpenStack, PostgreSQL, Python, Robot Framework, Terraform, ?????? ??????, and ??????
Leader Technique Windev (F/H);CGI;Casablanca, Casablanca-Settat, Morocco;Full-time;;;Associate;Monitoring Performance, POS Material, ??????? ??????, ????????? ?????????, ????????? ?????? ?????, ????????????? ????????, ???????, ???????? ????????, ??? ??????, and ?????? ??????? ??? ???????
Ing�nieur Web & mobile, Formateur � l��cole du code;Orange Maroc;Rabat, Rabat-Sal�-Kenitra, Morocco (On-site);Full-time;On-site;;Associate;Computer Programming, GxP, Kubernetes, Linux, Network Provisioning, Safety Practices, Terraform, ????? ????? ???????, ????? ??? ??????, and ????? ????????
PROMO ATN;Expleo Group;Tangier, Tanger-Tetouan-Al Hoceima, Morocco (Hybrid);Full-time;Hybrid;;Mid-Senior level;C, Coordinating Skills, Project Managers, Technical Project Management, Technical Understanding, ????? ?????????, ?????????, ???????? ????????, ?? ???????, ????? ????????, and ????? ?????? ??????? ?????? ?????????
Ing�nieur DevOps Site Reliability Engineer (SRE) | Devoteam Maroc Nearshore;Devoteam;Rabat, Rabat-Sal�-Kenitra, Morocco (Hybrid);Full-time;Hybrid;;Mid-Senior level;Gitlab, Java, JavaScript, Maven, Sonar, TypeScript, ??????, ??????, ??? ????????, and ???? ????? ????? ???????? ?????????
Emerging Market Strategist;Soci�t� G�n�rale - Africa Technologies & Services;Casablanca, Casablanca-Settat, Morocco (Hybrid);Full-time;Hybrid;;Entry level;Desktop Deployment, Root Cause Problem Solving, Technical Skillset, ????? ??????, ?????????, ?????? ?? ??????, ????? ???????, ?????, ?? ???????, and ???? ?????? ??????
ing�nieur senior de test et automatisation;Apside;Prefecture of Casablanca, Casablanca-Settat, Morocco (Hybrid);Full-time;Hybrid;;Mid-Senior level;Clienteling, POS, SQL, ???????, ??????? ???????????, ???????, ????? ???????, ??? ??????? ????? ???????, ????? ??????, and ?????
Ing�nieur DevOps;Orange Business Maroc;Rabat, Rabat-Sal�-Kenitra, Morocco (Hybrid);Full-time;Hybrid;;Associate;Fiber to the x (FTTx), Internal Mobility, Synthesizing, ????? ???????, ????? ?????, ?????? ?? ???????, ???????, ???????? ????????, ?????, and ????
Stagiaire en d�veloppement commercial et marketing;marocMaroc;Rabat, Rabat-Sal�-Kenitra, Morocco (On-site);Full-time;On-site;;Associate;Defining Requirements, Passionate about Work, Simulink, ??????????, ???????? ?????????, ????? ???????, ??? ????? ??????? ?????, ????, ????? ????????, and ????? ?????
Ing�nieure ou Ing�nieur DevOps - Confirm� H/F;Berger-Levrault;Rabat, Rabat-Sal�-Kenitra, Morocco (Hybrid);Full-time;Hybrid;;Mid-Senior level;????? ????????, ????? ????? ????????, ???????, ??????? ???????? ???????, ?????? ??????, ????? ????????, ????? ????? ????????, ????? ?????? ??????, ????? ????????, and ???? ????? ????? ???????? (DBMS)
Chef de projet infrastructure;Anywr;Casablanca Metropolitan Area (On-site);Internship;On-site;;Entry level;Gitlab, Listen, Technical Skillset, Terraform, ????? ????? ???????, ?????????, ?????????, ??????? ????????, ????? ????????, and ??????? ???????
D�veloppeur Back end Java Senior;Orange Business Maroc;Rabat, Rabat-Sal�-Kenitra, Morocco (Hybrid);Full-time;Hybrid;;Entry level;Digital Technology, HTML, POS Material, Photoshop, PowerPoint, ????? ?????????, ????? ????????, ??????? ??????, ?????????, ???????, ????????, and ??????
Ing�nieur Cybers�curit�;Alter Solutions Maroc;Casablanca, Casablanca-Settat, Morocco (On-site);Mid-Senior level;On-site;;Associate;Security Operations Center, ?????? ????????, ?????? ??????, ???????, ??????? ?????, ????????? ???????, ??????? ????????, ????? ????????, ???? ?????? ???????, and ????? ISO 27001
Consultant Cegid Retail Y2;VISEO;A�n-Chock, Casablanca-Settat, Morocco (On-site);Full-time;On-site;;Associate;Aura, Salesforce.com, ????? ??????, ?????????, ?????? ?? ??????, ??? ?????, ????? ??????, ????? ??????, ???? ??????, and ????? ????????
Directeur de Projet R�seaux et T�l�com ;ALTEN MAROC;Fez, F�s-Mekn�s, Morocco (Hybrid);Full-time;Hybrid;;Mid-Senior level;Java
BMS Software Engineer;AVL;Rabat Metropolitan Area (Hybrid);Full-time;Hybrid;;Associate;Active Listening, ETL, Java, Salesforce.com, XML, Zuora, ??????????, ???????? ?????? ??? ?????? ??????, ????? ?????, and ??? ????????
Administrateur Bases de donn�es EKIP;Devoteam;Sidi Ifni, Guelmim-Oued Noun, Morocco (On-site);Full-time;On-site;;Associate;???????, ?????????? ???? ?????, ??????? ????????, ??????? ???????, ?????, and ????? ???????
Ing�nieur Exp�riment� Cloud F/H;Deloitte;Mechouar, Casablanca-Settat, Morocco (Hybrid);Full-time;Hybrid;;Associate;Analytical Reasoning, C#, Root Cause Problem Solving, ?????????, ???????, ????? ???????, ????? ??????, ????? ?????????, ????? ?????????, and ?? ???????
Stagiaire infographiste (H/F);LabelVie;Casablanca-Settat, Morocco (On-site);Full-time;On-site;;Mid-Senior level;Ansible, DevOps, Gitlab, Kubernetes, Linux, Terraform, ??????, ??????, ???? ??? ??????, and ???? DNS
Formateur en Cybers�curit� (H/F);DataProtect;Casablanca-Settat, Morocco (On-site);Full-time;On-site;;Entry level;JSP, Microservices, Servlets, Spring Batch, Spring Cloud, Spring Framework, Struts, ????? ????? ?????? ????, ??????, and ?????? ????????
Consultant Senior Data quality ( F/H);CGI;Casablanca, Casablanca-Settat, Morocco;Mid-Senior level;;;Associate;B2, Call Tracking, Customer Satisfaction (CSAT), Escalation Process, Voice & Accent, ????? ??????, ???????? ???????, ????? ??????, ??????? ????, and ???? ??????
Ing�nieur Etudes et D�veloppement Java S�nior ( H/F);Eviden;Casablanca-Settat, Morocco (Hybrid);Full-time;Hybrid;;Internship;Angular, Flask, HTML5, React.js, Technical Advisory, ????? ?????????, ?????, ?? ???????, ??????? ????, and ??? ???????
Senior Technical Consultant Salesforce;DXC Technology Morocco;Casablanca Metropolitan Area (Hybrid);Full-time;Hybrid;;Mid-Senior level;Model-based Systems Engineering (MBSE), Synthesizing, Systems Modeling, ????? ?????, ?????? ??????? ????????, ???????, ????? ?????????, ???? DNS, ??? ???????, and ????? ?????
DBA cloud AWS;DXC Technology Morocco;Casablanca Metropolitan Area (Hybrid);Full-time;Hybrid;;Associate;Apache CXF, Java, Java Enterprise Edition, MyEclipse, Spring Batch, Spring Boot, Spring Framework, UML, ???? ???? ???? (JSF), ??????, and ???? ???? ?????? ????????
Senior R&D Software Engineer C#;Soci�t� G�n�rale - Africa Technologies & Services;Prefecture of Casablanca, Casablanca-Settat, Morocco (Hybrid);Full-time;Hybrid;;Mid-Senior level;Agile Development, C#, Garbage Collection, Java, ????? ???????, ????? ?????? ???????? ???????, ?????, ?????? ?????? ????????, ?? ???? ??????, and ???? ??????
Ing�nieur DevOps;SII SERVICES MAROC;Rabat, Rabat-Sal�-Kenitra, Morocco (On-site);Full-time;On-site;;Entry level;Office Automation, Rock Climbing, ????? ???????, ??????????, ??????? ???????, ??????? ?????? ????, ?????? Office 365, ?????? ???, ????? ??? ?????????, and ??? ???????
Tech Lead Java JEE (H/F);SQLI;Casablanca Metropolitan Area (Hybrid);Full-time;Hybrid;;Entry level;C, Digital Technology, ??????????, ??????????, ???????? ???????, ???????, ??????, ???????, ????????, ??????? ???????, and ???????? ????????
Service desk analyst (Canadian French) ;HCLTech;Rabat, Rabat-Sal�-Kenitra, Morocco (On-site);Full-time;On-site;;Associate;.NET, C#, SQL, WCF, WPF, and ?? VB ?????
Engineering Lead - X Delivery;BCG X;Casablanca, Casablanca-Settat, Morocco;Contract;;;Associate;Commercial, Commercial Proposals, Java, Listen, PL/SQL, SQL, Salary Negotiations, ??????????, ?????? ???? ????, ???????, ???????, ????? ??????? ????????, and ?????? ??????? ??? ???????
Ing�nieur syst�me Mbse Sysml;Expleo Group;Tangier, Tanger-Tetouan-Al Hoceima, Morocco (Hybrid);Full-time;Hybrid;;Associate;.NET, Compellent, Convincing People, Paper Prototyping, Technology Intelligence, ?????????, ???????, ???????, ???????? ????????, and ???? ????? ????? ???????? (DBMS)
Senior Java Software Engineer;Capgemini;Casablanca-Settat, Morocco (Hybrid);Full-time;Hybrid;;Associate;????? ?????, ???????, ??????? ????????, ?????????, ?????? ?????????, ????? ???????, ???????, ?? ???????, ???? Sage Products, and ???? ????? ????? ???????? (DBMS)
Engineering Manager in Back End (Bangkok based, relocation provided);Agoda;Marrakesh, Marrakesh-Safi, Morocco (Hybrid);Full-time;Hybrid;;Mid-Senior level;.NET, Azure Service Bus, Blazor, C#, Microservices, Synthesizing, ?????? ??????, ??????? ?????? ????, ??????? ??? ?????, and ?????? ??????? ??? ???????
Ing�nieur support applicatif niveau 2 exp�riment�(e) F/H;Deloitte;Mechouar, Casablanca-Settat, Morocco (Hybrid);Full-time;Hybrid;;Associate;Intellectually Curious, Meeting Facilitation, SAP, SAP BW, SAP HANA, SAP Lumira, Spotfire, ???????? ???????, ????????? ????????, and ???? ??????? ????? ???
Responsable Ecole du Code - ODC Rabat;Orange Maroc;Rabat, Rabat-Sal�-Kenitra, Morocco (On-site);Mid-Senior level;On-site;;Associate;Client Focus, JSP, JUnit, JavaServer Pages Standard Tag Library (JSTL), Mockito, SAP, ??????? ???????, ??????? ??? ?????, ??????? ?????, and ????? ???????
D�veloppeur Dotnet/D�veloppeuse Dotnet;SII SERVICES MAROC;Casablanca Metropolitan Area (On-site);Full-time;On-site;;;Angular, Encoding, Homologation, Sales Order Processing, ????? ??????, ?????????, ??????, ?? ???????, ?? ????????, and ????? ??????????
IT implementation Engineer / English speaker;HPS;Casablanca Metropolitan Area (Hybrid);Full-time;Hybrid;;;?????, ????? ???????, ???????, ?????????, ???????, ?????????, ??????, and ?????
Leader Technique Dot Net (F/H) ;CGI;Casablanca-Settat, Morocco (Hybrid);Full-time;Hybrid;;;Computer Language, Computer Programming, ??????? ?????, ?????? ????????, ?????, ?????????, ????? ???????, ???????, ????? ???? ??????, and ?????? ???????
Consultant Support Sage 100 Cloud;Sage;Casablanca, Casablanca-Settat, Morocco (Hybrid);Full-time;Hybrid;;;Collaborative Work, Intellectually Curious, Professional Development, ?????????, ????? ????????, ???????, ????????, ???????? ?????????, ??? ??????, and ?????? ??????? ??? ???????
D�veloppeur .NET (C#) exp�riment� F/H;Deloitte;Mechouar, Casablanca-Settat, Morocco (Hybrid);Full-time;Hybrid;;;.NET, Angular, C#, JavaScript, ?????? ??????, ??????????, ????????? ???????, ???? ??????????, ????? ?????? ????????, and ????? ??? ???
Consultant SAP BW Senior F/H - Casablanca;Eviden;Prefecture of Casablanca, Casablanca-Settat, Morocco (Hybrid);Full-time;Hybrid;;;Angular, Encoding, Homologation, Sales Order Processing, ????? ??????, ?????????, ??????, ?? ???????, ?? ????????, and ????? ??????????
Consultant Hybris /SAP Commerce Cloud H/F;Inetum;Casablanca, Casablanca-Settat, Morocco (On-site);Full-time;On-site;;;JUnit, Java, Java Development, Spring Framework, ??????, ????? ?????????, ????? ?????? ???????? ???????, ????? ?????, ????? ??? ?????, and ?????? ????????
Expert Technique Java / Angular (F/H);CGI;Rabat, Rabat-Sal�-Kenitra, Morocco;Full-time;;;;DevOps, Java, Python, ??????? ????????, ??????? ????????, ????? ???????, ????? ?????????, ????? ??? ???, ????? ????????, and ????? ????????
System team lead;Capgemini Engineering;Casablanca-Settat, Morocco (Hybrid);Full-time;Hybrid;;;DevOps, DevSecOps, ????? ????, ????? ???????, ???????, ???????, ???????, ????? ?????, ???? ?????? ?????, and ???? ???????
Agent R�servations;Dakhla Club;Dakhla, Dakhla-Oued Ed-Dahab, Morocco (On-site);Full-time;On-site;;;Git, Gradle, Java, Liferay, Maven, Struts, ??????????, ??????, ????????? ???????, and ??????
Ing�nieur Structuration d'Indice;Soci�t� G�n�rale - Africa Technologies & Services;Casablanca, Casablanca-Settat, Morocco (Hybrid);Full-time;Hybrid;;;Microsoft Dynamics ERP, Service Focused, ??????? ?????? ???????, ????? ???????, ????? ?????????, ????? ?????, ????? ?????? ??????, ???????/?????, ????? ????? ????????, and ??? ???????
Consultant R&D ICT;Leyton;Prefecture of Casablanca, Casablanca-Settat, Morocco (On-site);Full-time;On-site;;;Angular, Integration Projects, REST APIs, Software Architecture, Synthesizing, Technical Skillset, UML, User Management, ??????? ???????, and ?????? ????? ?????????
Senior Application Developer/Team Lead;TransPerfect;Rabat, Rabat-Sal�-Kenitra, Morocco (Hybrid);Full-time;Hybrid;;;High Level Of Accuracy, Listen, Priority Management, ??????????, ?????????, ????????? ????????, ??????? ??? ?????, ???????? ?? ???????, ????????, and ???????? ????????
Expert Technique Java/ Angular (F/H);CGI;Rabat, Rabat-Sal�-Kenitra, Morocco (On-site);Full-time;On-site;;;Angular, Fortify Software Security Center, Java, Java API, Spring Boot, Spring Framework, ?????? ??????, ??????? ???????, ????? ??????? ????????, and ?????? ????? ?????????
D�veloppeur Java senior (H/F);Maltem Africa;Casablanca-Settat, Morocco (On-site);Full-time;On-site;;;CRM, Intellectually Curious, Microsoft Development, Microsoft Dynamics, ????? ?????, ??????????, ?????????, ??????, ?????? ?????????, and ?????????? ????
Software Development Manager (DevOps);Oracle;Casablanca-Settat, Morocco (On-site);Full-time;On-site;;;Business Schools, Computer Programming, VBA, ??????? ???????, ?????????, ???????, ??????? ?????, ????? ???????, ???????, and ?????? ?????
Ing�nieur DevOps s�nior (H/F);Sofrecom Maroc;Casablanca-Settat, Morocco (Hybrid);Full-time;Hybrid;;;Java, JavaScript, and Salesforce.com
Ing�nieur D�veloppeur Liferay;Orange Business Maroc;Casablanca Metropolitan Area (Hybrid);Associate;Hybrid;;;Esprit, Technology Intelligence, ??????? ??????, ???????, ??????? ??????, ???????? ?????????, ???????? ????????, ??? ????? ????? ?????? ??????, ???? ?????, and ????? ?????? ??????? ?????? ?????????
ANALYSTE SUPPORT ERP DYNAMICS D365 H/F;Tessi;Morocco (On-site);Full-time;On-site;;;Crunching Numbers, RStudio, ??????????, ?????????, ????????? ????????????, ?????????, ???????? ?????????, ?????? ???????, ????? ????????, and ????? ???????
Ing�nieure ou Ing�nieur Java/Angular Senior;Berger-Levrault;Rabat, Rabat-Sal�-Kenitra, Morocco (Hybrid);Full-time;Hybrid;;;Financial Engineering, Python, Regulatory Projects, ???????, ??????? ??????? ?????????, ??????? ???????, ????? ???????, ????? ??? ?????? ???????, ????? ????????? ?????????, and ????? ??????
Charg�(e) du support applicatif (H/F);Digital Virgo;Prefecture of Casablanca, Casablanca-Settat, Morocco (On-site);Full-time;On-site;;;Drupal, Technical Project Management, Technical Skillset, Technology Intelligence, ????? ???????????, ??????? ??? ?????, ???????? ????????, ????? ??????? ????????, ????? ????????, and ?????? ??????? ??? ???????
Ing�nieur Java Confirm� H/F;Smile Maroc;Casablanca-Settat, Morocco (Hybrid);Full-time;Hybrid;;;High Level Of Accuracy, Listen, Microsoft Excel, PowerPoint, Team Facilitation, ??????????, ????????, ???????? ????????, ???? ??????, and ?????? ??????? ??? ???????
Consultant Technique Microsoft Dynamics 365/CRM;Orange Business Maroc;Casablanca Metropolitan Area (Hybrid);Full-time;Hybrid;;;Fiber to the x (FTTx), IP Networking, ???? ???????, ??????, ???????? ??????? ??????, ?????, ????? ???????, ?? ?? ??, ???? ???? ???????, and ???????
Ing�nieur Valorisation - Finance de March�;Soci�t� G�n�rale - Africa Technologies & Services;Casablanca, Casablanca-Settat, Morocco (Hybrid);Mid-Senior level;Hybrid;;;Knowledge Acquisition, Performance Motivation, Relationship Development, ????? ?????, ?????? ??????? ????????, ??????????, ?????? ???????, ???? ????????, ?? ???????, and ????? ????????
R�ferent technique SalesForce (H/F);Orange Business Maroc;Rabat, Rabat-Sal�-Kenitra, Morocco (Hybrid);Full-time;Hybrid;;;GxP, JSP, Java, Software Architecture, Struts, Technical Skillset, ??????????, ??????? ???????, ??????? ??????? ?????????, and ????? ???????
Consultant ITSM ServiceNow/EasyVista H/F (Oujda);Tessi;Morocco (Hybrid);Full-time;Hybrid;;;Java, Spring Boot, and Spring Framework
Manager, Marketing Strategy & Analytics (Bangkok-based, relocation provided);Agoda;Marrakesh, Marrakesh-Safi, Morocco;Mid-Senior level;;;;High Level Of Accuracy, JIRA, Perseverant, ????????? ????????, ????????? ???????, ???????? ?????????, ???????? ????????, ?????????, ???????, and ?????? ???????
Ing�nieur sur Produits Structur�s - Regulation;Soci�t� G�n�rale - Africa Technologies & Services;Prefecture of Casablanca, Casablanca-Settat, Morocco (Hybrid);Full-time;Hybrid;;;Robot Framework, Sprint Planning, Technical Compliance, ???????? ?????, ???????? ???????, ???????, ???? ??????, ??? ???????/????????, ?????? ??????? ??? ???????, and ????? ????????
Ing�nieur Concepteur D�veloppeur Drupal;SQLI;Casablanca, Casablanca-Settat, Morocco (On-site);Full-time;On-site;;;Angular, Git, JavaScript, Microservices, PostgreSQL, Spring Boot, Spring Cloud, Spring Framework, ????????? ???????, and ???? ????? ????? ???????? (DBMS)
Superviseur franco anglophone pour une activit� Travel;Webhelp;Meknes Metropolitan Area (On-site);Full-time;On-site;;;.NET Core, C#, Career Skills, Full-Stack Development, Graphic Design Principles, HTML, ???? ??????, ????? ?????, ?? ????????, and ?????? ??????? ??? ???????
Ing�nieur r�seau IP-MPLS H/F;SII SERVICES MAROC;Casablanca, Casablanca-Settat, Morocco (Hybrid);Full-time;Hybrid;;;Gitlab, Java, JavaScript, SQL, Spring Framework, TypeScript, ????? ????? ?????, ??????, ???????? ?????? ??? ?????? ??????, and ??????
Senior Infrastructure Engineer - Datacenter;A.P. Moller - Maersk;Tangier, Tanger-Tetouan-Al Hoceima, Morocco (On-site);Full-time;On-site;;;Query Languages
Ing�nieur D�veloppeur Senior Java Fullstack (H/F)-Rabat-Maroc;Cegedim;Rabat, Rabat-Sal�-Kenitra, Morocco;Full-time;;;;C#, Cucumber, NUnit, Python, Technical Skillset, Technical Specs, ???????, ??????? ??????, ????????? ????????, and ????? ????
D�veloppeur JAVA Full stack confirm� (F/H);Eviden;Casablanca Metropolitan Area (Hybrid);Full-time;Hybrid;;;Fastlane, Gradle, JIRA, Java, SwiftUI, ????? ?????????, ?????? ??????, ??????? ??????? ????????, ????? ???? Android, and ????? ?????
Ing�nieur Int�gration solution r�seaux ;Orange Business Maroc;Rabat, Rabat-Sal�-Kenitra, Morocco (Hybrid);Full-time;Hybrid;;;React.js, SQL, and Vue.js
Ing�nieur test et automatisation s�nior H/F - Rabat (Maroc);Cegedim;Rabat, Rabat-Sal�-Kenitra, Morocco;Full-time;;;;C, C++, and Java
Ing�nieure Full Stack JAVA JEE Senior;SII SERVICES MAROC;Casablanca Metropolitan Area (On-site);Full-time;On-site;;;Angular, CSS, HTML5, Java, Spring Framework, ??????, ????? ?????? ???????? ???????, ????? ??????? ????????, ????, and ?? ????????
Ing�nieur Concepteur D�veloppeur Fullstack .NET / Angular;SQLI;Rabat, Rabat-Sal�-Kenitra, Morocco (On-site);Full-time;On-site;;;Spring Boot, Spring Framework, and ???? ??? ??????
Expert/tech Lead Java Angular;ALTEN MAROC;Rabat, Rabat-Sal�-Kenitra, Morocco (Hybrid);Full-time;Hybrid;;;Microsoft Excel, Microsoft Word, Passionate about Work, Phone Manner, Resiliency, ??????????, ?????????, ????????, ???????? ?????????, and ???? ??????
D�veloppeur Windev F/H;VISEO;Morocco (Hybrid);Full-time;Hybrid;;;Alternators, Converter, Electrical Machines, Workbench, ?????????? ??????, ????????, ????????????, ???????, ????? ????????, and ??? ???????
Technical Leader C#/.Net;Soci�t� G�n�rale - Africa Technologies & Services;Casablanca, Casablanca-Settat, Morocco (Hybrid);Full-time;Hybrid;;;Angular, Drupal, GitFlow, JIRA, JavaScript, OOP, PHP, jQuery, ???????, and ????? ???? ??? ?????
D�veloppeur Mobile IOS, Android, KMM;ALTEN;Rabat, Rabat-Sal�-Kenitra, Morocco (Hybrid);Internship;Hybrid;;;SQL
D�veloppeur Java Senior;ALTEN MAROC;Rabat, Rabat-Sal�-Kenitra, Morocco (On-site);Full-time;On-site;;;Single Line Diagrams, ????????, ??????? ????????, and ?????
D�veloppeur C & C++;ALTEN MAROC;Rabat, Rabat-Sal�-Kenitra, Morocco (Hybrid);Full-time;Hybrid;;;Corporate FP&A, IBM Planning Analytics by TM1, Like Challenges, Process Redesign, Shot Composition, ????? ??????, ??????? ??? ?????, ???????, ???????? ????????, and ??????
D�veloppeur Java/Angular (H/F);Maltem Africa;Casablanca-Settat, Morocco (On-site);Full-time;On-site;;;Agile Environment, C++, Intellectually Curious, Linux, Listen, Technical Specs, ???????? ?????????, ?????????, ????? ?????????, and ?????? ??????? ??? ???????
Ing�nieur Etude et d�veloppement JAVA Confirm� (H/F) ;Eviden;Prefecture of Casablanca, Casablanca-Settat, Morocco (On-site);Part-time;On-site;;;Coordinating Skills, Quickness, ????? ?????, ??????? ???????, ??????????, ??????? ?????, ????? ???????, ???? ??? ?????, ?????, and ?????? ???????
Yield Manager;HBX Group;Marrakesh-Safi, Morocco (Hybrid);Full-time;Hybrid;;;Android, Engine Development, Gmail, ?????????, ??????????, ?????? ???? ????, ????????, ????? ?????????, ????? ??? ????????, and ????? ??????? ?????????
Charg� d�veloppement EE;ALTEN MAROC;Rabat Metropolitan Area (Hybrid);Full-time;Hybrid;;;Advanced Driver-Assistance Systems (ADAS), Automatic vehicle location (AVL), Ensemble, Flux, Microsoft Excel, VBA, VBA Excel, Workable Solutions, ?????????, and ?????
Ing�nieur Etudes et D�veloppement DRUPAL S�nior ;Eviden;Prefecture of Casablanca, Casablanca-Settat, Morocco (Hybrid);Full-time;Hybrid;;;CSS, Drupal, Migration Projects, PHP, Symfony Framework, jQuery, ??????? ???????, ??????? ???????, ????? ??? ??????, and ????? ???????
Mod�lisateur Business Anglophone;DXC Technology Morocco;Rabat-Sal�-Kenitra, Morocco (Hybrid);Part-time;Hybrid;;;Financial Leadership, ????? ??????? ????????, ??????? ???????, ??????????, ??????? ?????????, ??????? ??????????, ???????? ?????????, ????? ???????, ?? ??? ???????, and ?????? ??????? ??? ???????
Stagiaire Infrastructure des moyens g�n�raux;Majorel Africa;Prefecture of Casablanca, Casablanca-Settat, Morocco (On-site);Part-time;On-site;;;Engine Development, Gmail, Remote Work, ?????????, ??????????, ?????? ???? ????, ????????, ????? ?????????, ????? ??? ????????, and ????? ??????? ?????????
Consultant EPM Anaplan Finance F/H;VISEO;Casablanca, Casablanca-Settat, Morocco (Hybrid);Full-time;Hybrid;;;Engine Development, Gmail, Remote Work, ?????????, ??????????, ?????? ???? ????, ????????, ????? ?????????, ????? ??? ????????, and ????? ??????? ?????????
Concepteur Developpeur C++ (H/F);Sofrecom Maroc;Rabat, Rabat-Sal�-Kenitra, Morocco (Hybrid);Full-time;Hybrid;;;Citrix, Cluster Management, DHCP, Hybrid Cloud, ?????, ??????????, ??????? ????????, ?????? ????, ????, and ????? ?????? ??????? ?????? ?????????
Manager Structuration des Indices;Soci�t� G�n�rale - Africa Technologies & Services;Prefecture of Casablanca, Casablanca-Settat, Morocco (Hybrid);Part-time;Hybrid;;;Ansible, IT Solutions, Linux, ???????, ??????????, ??????? ??? ?????, ????? ???????, ?????? ??????, and ??????
Part-Time Personalized Internet Ads Assessor - French Speakers in Morocco;TELUS International AI Data Solutions;Morocco (Remote);Full-time;Remote;;;Engine Development, Gmail, Remote Work, ?????????, ??????????, ?????? ???? ????, ????????, ????? ?????????, ????? ??? ????????, and ????? ??????? ?????????
 D�veloppeur VBA;AVL;Rabat Metropolitan Area (Hybrid);Full-time;Hybrid;;;Coordinating Skills, Project Direction, Seeing the Bigger Picture, Service Focused, ????? ????? ?????????, ????? ?????????, ?????????, ???????? ????????, ?????? ???????, and ?????? ??????? ??? ???????
D�veloppeur Senior PHP Drupal Full Stack;ALTEN MAROC;Rabat, Rabat-Sal�-Kenitra, Morocco (Hybrid);Full-time;Hybrid;;;High Level Of Accuracy, Intellectually Curious, Learnability, ????? ?????????, ????? ??????, ??????????, ??????? ??? ?????, ????????, ??????, and ?????? ??????? ??? ???????
Analyste Sales Cr�dits;Soci�t� G�n�rale - Africa Technologies & Services;Casablanca, Casablanca-Settat, Morocco (Hybrid);Full-time;Hybrid;;;Coordinating Skills, Development Project Management, Technical Specs, Technology Intelligence, ??????????, ????? ??????????, ????? ?????????, ????? ?????????, ????? ?????????, and ?????? ???????
Part-Time Personalized Internet Ads Assessor - French Speakers in Morocco;TELUS International AI Data Solutions;Morocco (Remote);Internship;Remote;;;Angular, Apache Kafka, High Level Of Accuracy, Java, Java Development, Struts, ??????, ????? ?????, ??????, and ???? ??? ??????
Part-Time Personalized Internet Ads Assessor - French Speakers in Morocco;TELUS International AI Data Solutions;Morocco (Remote);Full-time;Remote;;;Client Focus, Marketing Training, ?????????, ????????? ????????, ?????????, ???????, ???????, ????????, ??????? ???????, and ??????
 Expert SysOps Anglophone(F/H) ;CGI;Rabat, Rabat-Sal�-Kenitra, Morocco (Hybrid);;Hybrid;;;Adobe Creative Suite, CATIA, Illustrator, InDesign, Maya, Photoshop, ??????? 4D, ????? ????? ???????, ????, and ???? ?????????
Ing�nieur Syst�me AIX Confirm� ( H/F);anywr.io;Casablanca-Settat, Morocco (On-site);;On-site;;;
Part-Time Personalized Internet Ads Assessor - French Speakers in Morocco;TELUS International AI Data Solutions;Morocco (Remote);;Remote;;;
Chef de Projet Senior Scrum / Agile;CGI;F�s-Mekn�s, Morocco (On-site);;On-site;;;
Ing�nieur Support (H/F);Sofrecom Maroc;Rabat, Rabat-Sal�-Kenitra, Morocco (Hybrid);;Hybrid;;;
Chef de Projet Technique (.NET);SQLI;Agdal, F�s-Mekn�s, Morocco (On-site);;On-site;;;
D�veloppeur Java / JEE -Senior- CDI - F/H;Eviden;Prefecture of Casablanca, Casablanca-Settat, Morocco (Hybrid);;Hybrid;;;
"Conseiller(e) Commercial(e) Private ""Stage""";Avito.ma - Frontier Digital Ventures;Casablanca-Settat, Morocco (On-site);;On-site;;;
Sp�cialiste Imagerie Num�rique 3D ;ALTEN MAROC;F�s-Mekn�s, Morocco (Hybrid);;Hybrid;;;
