Job,Company,City,Work Type,Work Model,Salary,Experience Level,Skills
Manager Data et Analytics F/H,Deloitte,"Mechouar, Casablanca-Settat, Morocco (Hybrid)",Full-time,Hybrid,,,"Coaching, DWH, ETL, Esprit, Microsoft Business Intelligence (MSBI), Oracle Data Integrator (ODI), الإنجليزية كلغة ثانية, التحسين, التحليلات, and تحليلات البيانات"
Data Analyst Senior,Leyton,Casablanca Metropolitan Area (On-site),Full-time,On-site,,Mid-Senior level,"CRM, Microsoft Excel, PowerPoint, Python, Salesforce.com, الإنجليزية, الاتصالات, الاقتصاد, الفرنسية, and المهارات التحليلية"
Data Engineer F/H,Zenika,Casablanca Metropolitan Area (Hybrid),Full-time,Hybrid,,Mid-Senior level,"Apache Kafka, Apache Spark, Google Cloud Platform (GCP), Kubernetes, NoSQL, البيانات الكبيرة, سكالا, عامل شحن وتفريغ, and هادوب"
Senior Data Scientist,Leyton,"Casablanca-Settat, Morocco (Hybrid)",Full-time,Hybrid,,Associate,"Decision Trees, Linear Regression, Python, Support Vector Machine (SVM), TensorFlow, XGBoost, الإنجليزية, الرياضيات التطبيقية, برمجة الجهاز, and علم البيانات"
Backend Senior Developer H/F - Casablanca,Eskimoz,Casablanca Metropolitan Area (Hybrid),Full-time,Hybrid,,Mid-Senior level,"PHP, الإنجليزية, الاتصالات ثنائية اللغة, التواصل بين الناس, الفرنسية, تحسين نتائج محركات البحث (SEO), تطوير الشبكة للواجهات الخلفية, مهارات التعامل بين الأشخاص, نظام إدارة قاعدة البيانات (DBMS), and نظام نود.جي إس"
Senior Data Scientist (H/F),Attijariwafa bank,Casablanca Metropolitan Area (On-site),Full-time,On-site,,Associate,"الإحصاءات, التحليلات, الذكاء الاصطناعي, الرياضيات, الرياضيات التطبيقية, الكتابة, المهارات المؤسسية, برمجة الجهاز, تحليلات البيانات, قصص المستخدم, and مهارات العلاقات الشخصية"
Data Analyst,Tookeez,"Prefecture of Casablanca, Casablanca-Settat, Morocco (On-site)",Contract,On-site,,Mid-Senior level,"Ad Hoc Analysis, SQL, الإحصاءات, البيانات الكبيرة, التحليلات, التنجيم عن البيانات, الرياضيات, المهارات التحليلية, تحليل البيانات, and تحليلات البيانات"
Administrateur Systèmes et Bases de Données,Wafa Assurance,"Casablanca-Settat, Morocco (On-site)",Full-time,On-site,,Associate,"Listen, Notepad, Technical Specs, التوثيق الفني, الكتابة, المهارات المؤسسية, المواصفات, تقنية المعلومات, طلب تقديم العروض, and قواعد البيانات"
Développeur ERP H/F,Inetum,"Casablanca, Casablanca-Settat, Morocco (On-site)",Full-time,On-site,,Entry level,"Costings, GxP, Microsoft Dynamics, Microsoft Dynamics 365, Microsoft Dynamics ERP, Technical Skillset, Technical Specs, التوثيق الفني, المتطلبات الوظيفية, and تخطيط موارد المؤسسات"
Consultant Odoo,Caisse Manager,"Rabat, Rabat-Salé-Kenitra, Morocco (On-site)",Full-time,On-site,,Associate,Odoo
Business Developer,Sonate technologie,Casablanca Metropolitan Area (Hybrid),Full-time,Hybrid,,Mid-Senior level,"استكشاف, الإنجليزية, التفاوض, العمل الجماعي, الفرنسية, بحث الأسواق, تخطيط للأعمال, تطوير الأعمال التجارية, and تطوير الأعمال التجارية الجديدة"
Tech Lead Full Stack,Adria Business & Technology,"Casablanca-Settat, Morocco (On-site)",Full-time,On-site,,Internship,"DevOps, Java, React.js, Spring Boot, Spring Framework, إدارة الفرق, and المنهجيات السريعة"
Glovo Africa Graduate Program - Morocco,Glovo,"Casablanca, Casablanca-Settat, Morocco (On-site)",Full-time,On-site,,Mid-Senior level,"Oral Communication, الإنجليزية, الاتصالات, التجارة, المهارات التحليلية, حل المشاكل, and مهارات التعامل بين الأشخاص"
Data Engineer/ TALEND,IBM,"Casablanca, Casablanca-Settat, Morocco (On-site)",Full-time,On-site,,Mid-Senior level,"Technical Solution Design, الإنجليزية, الاتصالات, الحصول على البيانات, العروض التقديمية, الهيكلة المؤسسية, تحليلات البيانات, تنظيف البيانات, حل المشاكل, and علم البيانات"
Stagiaire VBA H/F,SEGULA Technologies,"Mechouar, Casablanca-Settat, Morocco (On-site)",Full-time,On-site,,Mid-Senior level,"Python, VBA, الإنجليزية, الاتصالات, العمل الجماعي, حل المشاكل, and قيادة فرق عمل"
Data Engineer,IBM,"Casablanca, Casablanca-Settat, Morocco (On-site)",Full-time,On-site,,Mid-Senior level,"Azure Data Factory, Azure Databricks, Data Engineering, الاتصالات, تخزين البيانات, تنظيف البيانات, علم البيانات, قواعد البيانات, هندسة البيانات, and وضع نماذج البيانات"
Consultant Talend ETL (F/H),VISEO,"Casablanca, Casablanca-Settat, Morocco (Hybrid)",Full-time,Hybrid,,Associate,"ETL, Log Management, Service Focused, Technology Intelligence, العلاقات مع العملاء, المتطلبات الوظيفية, حوكمة البيانات, حوكمة تكنولوجيا المعلومات, مبادلة, and مرئيات البيانات"
Développeur FullStack .NET Angular | Devoteam Maroc Nearshore,Devoteam,"Rabat, Rabat-Salé-Kenitra, Morocco (Hybrid)",Full-time,Hybrid,,Mid-Senior level,".NET, ASP.NET Web API, Angular, Full-Stack Development, JUnit, JavaScript, Mockito, TypeScript, اختبار الوحدة, and مهارات التعامل بين الأشخاص"
Digital Strategy Consultant (Technology Digital Advantage),Boston Consulting Group (BCG),"Casablanca, Casablanca-Settat, Morocco (Hybrid)",Full-time,Hybrid,,Mid-Senior level,"Agile Leadership, Data Strategies, استراتيجيات الأعمال, استراتيجية تقنية المعلومات, استراتيجية رقمية, الإنجليزية, الاستشارات, التحول الرقمي, الفرنسية, and تحويل تكنولوجيا المعلومات"
(Junior/Senior) Software Engineer - X Delivery,BCG X,"Casablanca, Casablanca-Settat, Morocco (Hybrid)",Full-time,Hybrid,,Mid-Senior level,"CSS, Highcharts, OOP, Technical Advisory, أدوات التطوير, تطوير البرمجيات, حل المشاكل, متطلبات الأعمال, منطق الأعمال التجارية, and نشر البرامج"
FULLSTACK DEVELOPER,Atrebo,"Fez, Fès-Meknès, Morocco (On-site)",Full-time,On-site,,Mid-Senior level,"JavaScript, Methodology, OOP, Pair Programming, Skill Development, Training Plans, الاهتمام بالتفاصيل, العمليات, امتيازات الموظفين, and قابل للتكيف بسهولة"
Network Engineer Intern,Ericsson,"Rabat, Rabat-Salé-Kenitra, Morocco",Full-time,,,Associate,"أمان الشبكات, إدارة الشبكات, إييجرب, اكتشاف الأخطاء وإصلاحها, الاتصالات, الاتصالات, التحسين, الميكنة, تصميم الشبكات, and هندسة الشبكات"
Prompt Engineer ,Leyton,Casablanca Metropolitan Area (Hybrid),Full-time,Hybrid,,Associate,"MLOps, Python, الإنجليزية, الاتصالات, البرمجة, التدريس, الفرنسية, بناء فرق العمل, حل المشاكل, and معالجة اللغة الطبيعية"
Senior Software Engineer,Thinkable,Morocco (Remote),Internship,Remote,,Associate,"Angular, JavaScript, NestJS, React.js, TypeScript, إدارة المشروعات, الاتصالات, القيادة, برنامج مونجودب, and حل المشكلة بشكل تفاعلي"
Stage en informatique & Systèmes d'Information,Masarat App,"Temara, Rabat-Salé-Kenitra, Morocco (Hybrid)",Full-time,Hybrid,,Associate,"Android, Angular, Continuous Integration and Continuous Delivery (CI/CD), OWASP, PHP, React Native, React.js, الأمان الرقمي, خدمات أمازون ويب (AWS), and عامل شحن وتفريغ"
Chef de projet Web F/H,VISEO,"Casablanca, Casablanca-Settat, Morocco (Hybrid)",Temporary,Hybrid,,Associate,"Atlassian Suite, Coordinating Skills, Costings, Synthesizing, V-Model, إدارة مشروع الويب, احتشاد, المهارات المؤسسية, بناء فرق العمل, and تسهيل"
Fresh Specialist - Morocco,Glovo,"Casablanca, Casablanca-Settat, Morocco (Hybrid)",Full-time,Hybrid,,Internship,"Merchandising Strategies, إدارة المخزون, الإنجليزية, الاتصالات, الاهتمام بالتفاصيل, التحكم في الجودة, التسويق, الخدمة التي تركز على العملاء, المهارات التحليلية, and مهارات التعامل بين الأشخاص"
Consulting Data Manager,Artefact,"Casablanca, Casablanca-Settat, Morocco (Hybrid)",Full-time,Hybrid,,Associate,"Esprit, إدارة البيانات, الاتصالات, العمل الجماعي, المهارات التحليلية, تحليلي, تكيف, and علم البيانات"
Manager,IDinsight,Rabat Metropolitan Area (On-site),Full-time,On-site,,Executive,"Social Protection, Social Sector, Stata, إدارة عامة, الاتصالات, الاقتصاد, التفكير النقدي, التنمية الدولية, القيادة, and المهارات التحليلية"
Responsable Qualification Produit H/F ,Inetum,Casablanca Metropolitan Area (Hybrid),Full-time,Hybrid,,Mid-Senior level,"Esprit, Methodology, Synthesizing, احتشاد, استراتيجية الاختبار, الإدارة السريعة للمشاريع, التواصل بين الناس, تطوير البرمجيات, تطوير المنتجات, and مهارات التعامل بين الأشخاص"
Data Architect (H/F),Sofrecom Maroc,"Prefecture of Casablanca, Casablanca-Settat, Morocco (Hybrid)",Full-time,Hybrid,,Mid-Senior level,"Data Engineering, Python, Technical Skillset, التواصل بين الناس, المهارات المؤسسية, المهارات الناعمة, حوكمة البيانات, قواعد البيانات, هندسة البيانات, and وضع نماذج البيانات"
Consultant Expérimenté en Business Intelligence F/H,Deloitte,"Mechouar, Casablanca-Settat, Morocco (Hybrid)",Mid-Senior level,Hybrid,,Associate,"CSS, Next.js, React.js, Tailwind CSS, TypeScript, التوافق عبر المستعرض, تصميم مواقع الويب, تصميم ويب مستجيب, تطوير الواجهة الأمامية, and جانب الخادم"
Senior Front-End Engineer,Spotbusiness,"Casablanca-Settat, Morocco (Remote)",Full-time,Remote,,Mid-Senior level,"Java, Java Development, Security Assertion Markup Language (SAML), Software Architecture, Struts, التصميم بمساعدة الكمبيوتر, الكتابة, المواصفات, تسجيل الدخول الأحادي (SSO), and نظام إدارة قاعدة البيانات (DBMS)"
Ingénieur études et développement JAVA Sénior (F/H),CGI,"Casablanca, Casablanca-Settat, Morocco",Full-time,,,Associate,"Advising Clients, Staffing Processes, إدارة الحسابات, استكشاف, الاتصالات, التفاوض, الشراكات, الفرنسية, المبيعات, and روح الفريق"
Business Developer(H/F),Gentis,Casablanca Metropolitan Area (On-site),Mid-Senior level,On-site,,Entry level,"Esprit, Technical Skillset, إحصاءات أوراكل المالية, استقلالية, الإنجليزية, التحكم في العملية, التواصل بين الناس, السرية, المصداقية, and مهارات التعامل بين الأشخاص"
Coordinateur IT,Société Générale - Africa Technologies & Services,"Casablanca, Casablanca-Settat, Morocco (Hybrid)",Part-time,Hybrid,,Internship,"اختبار A/B, التحليلات, التواصل بين الناس, بيانات الشركات, تحليل البيانات للأعمال التجارية, تحليلات البيانات, حل المشكلة بشكل تفاعلي, علم البيانات, قياس أداء, and مرئيات البيانات"
"Senior Data Analyst (Flights team, Bangkok-based, Relocation provided)",Agoda,"Marrakesh, Marrakesh-Safi, Morocco",Full-time,,,Associate,"Android, Barcode, Gmail, Online Search, الإعلانات, الإنجليزية, التحدث أمام جمور, الفرنسية, برنامج الحماية من الفيروسات, and وسائل الإعلام الاجتماعي"
Freelance Personalized Internet Ads Assessor,TELUS International AI Data Solutions,Casablanca Metropolitan Area (Remote),Mid-Senior level,Remote,,Associate,"Directorship, أنظمة المعلومات, البنية التحتية, التحسين, التخطيط, التصميم, الحوسبة, الدعم الفني, العمليات, and قواعد البيانات"
Administrateur de systèmes et de bases de données/Administratrice de systèmes et de bases de données,SOREC,"Rabat, Rabat-Salé-Kenitra, Morocco (On-site)",Internship,On-site,,Entry level,"IT Project Management, إدارة المشروعات, استراتيجية تقنية المعلومات, الاستراتيجية, التفكير الاستراتيجي, العروض التقديمية, المستوى ج, المهارات التحليلية, تسهيل, and حل المشاكل"
Senior Manager - Platinion Casablanca,Boston Consulting Group (BCG),"Casablanca, Casablanca-Settat, Morocco",Full-time,,,Mid-Senior level,"الإنجليزية, الاتصالات, الاتصالات الكتابية, التسويق, العروض التقديمية, المبيعات, المهارات التحليلية, تطوير الأعمال التجارية, تنظيم المشاريع, and مهارات العرض التقديمي"
Sales Excellence Academy Program- Business Development Specialist (Stage PFE),Evernex,"Casablanca-Settat, Morocco (On-site)",Full-time,On-site,,Mid-Senior level,"COBOL, DB2, Digital Technology, Gitlab, Technical Specs, اختبار الوحدة, استقلالية, الاتصالات, التواصل بين الناس, تحليل فني, حاسوب رئيسي, and نظام رقابة المنتفعين"
Développeur analyste Cobol,Inetum,Casablanca Metropolitan Area (Hybrid),Mid-Senior level,Hybrid,,Mid-Senior level,"Java, SAP ERP, Skill Development, الإدارة, النظم الموزعة, تخطيط موارد المؤسسات, تطوير البرمجيات, خدمات البرمجيات, قيادة فرق عمل, and مجموعة الأعمال الإلكترونية من Oracle"
Software Development Manager (ERP),Oracle,"Casablanca-Settat, Morocco (On-site)",Mid-Senior level,On-site,,Entry level,"Business Metrics, اختبار A/B, التحليلات, العروض التقديمية, بيانات الشركات, تحليلات البيانات, علم البيانات, مجموعات البيانات, مرئيات البيانات, and وضع النماذج الإحصائية"
Supply Analytics Senior Manager (Bangkok-based role),Agoda,"Marrakesh, Marrakesh-Safi, Morocco",Full-time,,,Associate,"Business Case Preparation, Business Metrics, اختبار A/B, الاتصالات, التواصل بين الناس, العروض التقديمية, بيانات الشركات, تحليل البيانات, علم البيانات, and فرص جديدة"
"Manager, Supply Analytics (Bangkok-based role)",Agoda,"Marrakesh, Marrakesh-Safi, Morocco",Full-time,,,Associate,"Pipeline Design, RTL Coding, SIMD, الحلول الحسابية, المعالجات الدقيقة, المهارات التحليلية, الهندسة المعمارية, بروتوكول الإنترنت, حل المشاكل, and هيكل النظام"
CASA - IT Engineer DBA - Database Administrator F/H,STMicroelectronics,"Prefecture of Casablanca, Casablanca-Settat, Morocco (On-site)",Mid-Senior level,On-site,,Mid-Senior level,"Angular, Microservices, NoSQL, SOA, Software Architecture, Technical Skillset, تصميم خبرة المستخدم (UED), تصميم عالي المستوى, تصميم مستوى, and كتابة مقترحات المشروعات"
Architecte Solutions H/F,Devoteam,"Rabat, Rabat-Salé-Kenitra, Morocco (On-site)",Full-time,On-site,,Mid-Senior level,"إدارة حاملي الأسهم, اختبار A/B, الاتصالات, التحليلات, التواصل بين الناس, العروض التقديمية, بيانات الشركات, تحليلات البيانات, علم البيانات, and وضع نماذج البيانات"
"Senior Analyst (Bangkok-based, Relocation provided)",Agoda,"Marrakesh, Marrakesh-Safi, Morocco",Full-time,,,Mid-Senior level,"2G, Big-Picture Thinking, High Level Of Accuracy, Listen, اكتشاف الأخطاء وإصلاحها, الإنجليزية, الدليل, الشبكة اللاسلكية, الهندسة, and قيادة فرق عمل"
Ingénieur Radio Mobile (H/F),Sofrecom Maroc,"Casablanca-Settat, Morocco (Hybrid)",Associate,Hybrid,,Mid-Senior level,"P2P, SAP, SAP ERP, SAP HANA, التجميع, المحاسبة القانونية, تخطيط للأعمال, ذكاء الأعمال بشركة ساب, كائنات الأعمال, and ميكروستراتيجي"
Consultant BI/BW H/F,Inetum,"Casablanca, Casablanca-Settat, Morocco (On-site)",Full-time,On-site,,Mid-Senior level,"Like Challenges, Pragmatics, SQL, Scrum, البحث والتطوير, التواصل بين الناس, المستندات, المهارات المؤسسية, الهندسة, and تصميم البرمجيات"
Ingénieur étude et développement C/C++(H/F) - Rabat,Cegedim Maroc,Rabat Metropolitan Area,Full-time,,,Mid-Senior level,"Microservices, Quality Oriented, Software Architecture, Spring Boot, Spring Framework, Technology Intelligence, بروتوكول الوصول إلى الكائن البسيط, تصميم موجه نحو الهدف, خدمات الويب, and ميكنة الاختبارات"
ARCHITECTE JAVA/JEE,SQLI,"Casablanca, Casablanca-Settat, Morocco (Remote)",Full-time,Remote,,Associate,"Feasibilities, Mechanicals, Technical Specs, VBA, الإنجليزية, التخطيط المتقدم لجودة المنتجات, السيارات, الفرنسية, المواصفات, and الهندسة الصناعية"
Call for Resumes,DAI,Morocco (On-site),Contract,On-site,,Associate,"CSS, اختبار قابلية الاستخدام, الإطار الشبكي للموقع, الاتصالات, التصميم التفاعلي, تصميم خبرة المستخدم (UED), تصميم مرتكز على المستخدم, تصميم واجهة المستخدم, خبرة المستخدمين, and هيكلة المعلومات"
Ingénieur d'études (H/F),SEGULA Technologies,"Mechouar, Casablanca-Settat, Morocco (Remote)",Full-time,Remote,,Entry level,"Engine Development, Gmail, Remote Work, الإعلانات, الإنجليزية, التحدث أمام جمور, الفرنسية, تطوير التطبيقات, محتوى عبر الإنترنت, and وسائل الإعلام الاجتماعي"
Stagiaire Designer UX/UI,SQLI,"Rabat, Rabat-Salé-Kenitra, Morocco (On-site)",Entry level,On-site,,Mid-Senior level,"Apache Airflow, Data Operations, Development Operations, Google BigQuery, Meetup, Microservices, Obfuscation, Ops, Site Reliability Engineering, and الإنجليزية"
Freelance Personalized Internet Ads Assessor - French Speakers,TELUS International AI Data Solutions,Morocco (Remote),Full-time,Remote,,Associate,"Continuous Integration and Continuous Delivery (CI/CD), Infrastructure Development, Python, Web Architecture, أداء النظام, إدارة الإصدارات, تطوير الشبكة للواجهات الخلفية, حل المشاكل, مايكروسوفت أزور, and واجهات برمجة التطبيقات"
Data Ops Engineer | Devoteam Maroc Nearshore,Devoteam,"Rabat, Rabat-Salé-Kenitra, Morocco (Hybrid)",Full-time,Hybrid,,Associate,"High Level Of Accuracy, Linux, PostgreSQL, Unix, الإنجليزية, التواصل بين الناس, برمجيات وسيطة, خوادم الويب, قواعد البيانات, and نظام إدارة قاعدة البيانات (DBMS)"
BCG X Platform Engineer Manager,Boston Consulting Group (BCG),"Casablanca, Casablanca-Settat, Morocco",Full-time,,,Mid-Senior level,"ActiveMQ, Java, Java Enterprise Edition, OSGi, Open API, Swagger API, WebSphere ESB, التحويل, تكامل تطبيقات الشركة, خدمات ويب J2EE, and واجهات برمجة التطبيقات"
Administrateur Bases de données (H/F)- Maroc,anywr.io,"Prefecture of Casablanca, Casablanca-Settat, Morocco (On-site)",Full-time,On-site,,Associate,"Anaplan, Esprit, ModelBuilder, أذونات, اختبار القبول, اختبار قبول المستخدم, الاتصالات, التجارة, نظم المعلومات الإدارية, and وضع النماذج"
Consultant Expert Web Methods,ilem Group,Casablanca Metropolitan Area (On-site),Mid-Senior level,On-site,,Mid-Senior level,"Next.js, REST APIs, React.js, Symfony Framework, الفرنسية, and جانغو"
Model Builder Anaplan Junior F/H,Deloitte,"Mechouar, Casablanca-Settat, Morocco (Hybrid)",Full-time,Hybrid,,Mid-Senior level,"Staffing Processes, إجراء المقابلات, الاتصالات, السرية, الموارد البشرية , تخطيط القوى العاملة, خدمات توفير الموظفين, دمج الموظفين الجدد, فض النزاعات, and مهارات التعامل بين الأشخاص"
Responsable développement Web et mobile,Monarkit.net,"Marrakesh, Marrakesh-Safi, Morocco (On-site)",Director,On-site,,Entry level,"JIRA, Python, Scrum, Terraform, إدارة المشروعات, الحوسبة السحابية, الهندسة المعمارية, خدمات أمازون ويب (AWS), خدمات ما قبل البيع, لغات البرمجة, and مايكروسوفت أزور"
BCG X Senior Staffing Specialist,Boston Consulting Group (BCG),"Casablanca, Casablanca-Settat, Morocco",Full-time,,,Mid-Senior level,"Business Architecture, Director level, SOA, Technical Project Management, Technology Consulting, إدارة البيانات, إدارة المشروعات, التحليلات, الحوسبة السحابية, and تطوير البرمجيات"
TechLead Cloud Data (F/H),CGI,"Rabat, Rabat-Salé-Kenitra, Morocco (Hybrid)",Internship,Hybrid,,Associate,"HTML5, JavaScript, PHP, Symfony Framework, الإنجليزية, التجارة, التصميم بمساعدة الكمبيوتر, تصميم المنتجات, هندسة التصميم, and هندسة الكهرباء"
Chief Enterprise Architect- Platinion Casablanca,Boston Consulting Group (BCG),"Casablanca, Casablanca-Settat, Morocco",Full-time,,,Mid-Senior level,الاتصالات and التسويق
Ingénieur Concepteur Développeur Symfony (Rabat),SQLI,"Rabat, Rabat-Salé-Kenitra, Morocco (On-site)",Full-time,On-site,,Mid-Senior level,"Microsoft SQL Server, Synthesizing, الإنجليزية, الاتصالات, التحليل المالي, السيارات, العمل الجماعي, تحليل الأعمال التجارية, تحليل البيانات, and قيادة فرق عمل"
Stagiaire Chef de Projets,Optimum Marketing Group,"Prefecture of Casablanca, Casablanca-Settat, Morocco (On-site)",Full-time,On-site,,Associate,"Big-Picture Thinking, Esprit, Implementation Plans, Sensitivity, Service Focused, Synthesizing, استقلالية, التجارة, المؤسسات التي تصدر عنها أوامر الشراء, and نطاق العمل"
Analyste des défauts EE,SEGULA Technologies,"Mechouar, Casablanca-Settat, Morocco (Remote)",Full-time,Remote,,Associate,خدمات ما قبل البيع
Consultant Junior IT M&A – Tech&IT Due Diligence et PMI F/H,Deloitte,"Mechouar, Casablanca-Settat, Morocco (Hybrid)",Part-time,Hybrid,,Associate,"Scrum, المنهجيات السريعة, and تحويل الأعمال"
Presales Engineer,Evernex,Casablanca Metropolitan Area (On-site),Full-time,On-site,,Mid-Senior level,"Computer Programming, GxP, Network Technologies, Sensitivity, Virtual Routing and Forwarding (VRF), الإنجليزية, البرمجة, التواصل بين الناس, بطاقة المواصفات, and واجهات برمجة التطبيقات"
Scrum Master,SII SERVICES MAROC,"Prefecture of Casablanca, Casablanca-Settat, Morocco (On-site)",Full-time,On-site,,Associate,"JSON, Java, Java Enterprise Edition, SQL, TIBCO, TIBCO BusinessWorks, TIBCO EMS, XML, XML Schema Definition (XSD), and بروتوكول الوصول إلى الكائن البسيط"
Ingénieur DevOps,Devoteam,"Rabat, Rabat-Salé-Kenitra, Morocco (On-site)",Full-time,On-site,,Associate,"Business Case Development, Container Orchestration, IT architectures, IaaS, Service Mesh, Skill Development, إدارة المشروعات, التحسين, التحسين المستمر, and الرياضيات"
Manager API (MuleSoft) F/H,Deloitte,"Mechouar, Casablanca-Settat, Morocco (Hybrid)",Full-time,Hybrid,,Entry level,"Coordinating Skills, Data Streaming, Synthesizing, التدريب بقيادة معلم, التواصل بين الناس, الرسوم الهيكلية, الفرنسية, تسهيل, رسم الخرائط, and مهارات التعامل بين الأشخاص"
Consultant Expert Tibco,Inetum,"Prefecture of Casablanca, Casablanca-Settat, Morocco (Hybrid)",Full-time,Hybrid,,Associate,"Zoho, إدارة إجراء التغييرات, الأبحاث, الاتصالات, الاستراتيجية, التحسين, التسويق, التفاوض, المهارات التحليلية, and عمليات حجز"
Senior Architect,BCG Platinion,"Casablanca-Settat, Morocco (Hybrid)",Full-time,Hybrid,,Associate,"Digital Accessibility, Investigator Brochures, SQL, الإنجليزية, الاتصالات ثنائية اللغة, الحوسبة السحابية, المهارات التحليلية, تخزين البيانات, ترحيل البيانات, and حوكمة تكنولوجيا المعلومات"
Architecte SI Expérimenté F/H,Deloitte,"Mechouar, Casablanca-Settat, Morocco (Hybrid)",Mid-Senior level,Hybrid,,Entry level,"Costings, Hyperion Planning, PL/SQL, Seeing the Bigger Picture, إحصاءات أوراكل المالية, الموارد البشرية بأوراكل, قابل للتكيف بسهولة, قاعدة بيانات أوراكل, مشاريع التنمية, and مهارات التعامل بين الأشخاص"
Consultants Zoho,Alithya,Tangier Metropolitan Area (On-site),Full-time,On-site,,Associate,"Hypertext Transfer Protocol (HTTP), Iperf, L2TP, Process Explorer, Procmon, Tcpdump, Technical Advisory, الإنجليزية, الفرنسية, and برنامج واير شارك"
Développeur BI Sénior Snowflake,Eviden,"Casablanca-Settat, Morocco (Hybrid)",Full-time,Hybrid,,Mid-Senior level,"Container Orchestration, DevOps, Kubernetes, Terraform, إدارة نظم لينوكس, إنجن إكس, برنامج مونجودب, ترويج المنتج, قواعد البيانات, and نظام إدارة قاعدة البيانات (DBMS)"
Consultant Oracle PL/SQL (F/H),CGI,"Mechouar, Casablanca-Settat, Morocco (On-site)",Mid-Senior level,On-site,,Director,"Graphic Design Principles, JavaScript, OOP, TypeScript, المهارات التحليلية, تصميم البرمجيات, تطبيقات الويب, عامل شحن وتفريغ, علوم الحاسب الآلي, and هياكل البيانات"
Software Support Expert Engineer with French,Acronis,"Rabat, Rabat-Salé-Kenitra, Morocco",Entry level,,,Associate,"CI, Continuous Integration and Continuous Delivery (CI/CD), DevOps, IP development, Infrastructure as code (IaC), Technical Advisory, إدارة التكوين, تحليل المشكلة, حل المشاكل, and متطلبات الأعمال"
Ingénieur DevOps H/F,Sofrecom Maroc,"Rabat, Rabat-Salé-Kenitra, Morocco (Hybrid)",Full-time,Hybrid,,Associate,".NET, C#, Software Architecture, jQuery, إدارة المنتجات, إطار الكيان, الاتصالات, تطوير التطبيقات, قواعد البيانات, and نظام إدارة قاعدة البيانات (DBMS)"
Tech Lead JavaScript ,Leyton,Casablanca Metropolitan Area (Hybrid),Full-time,Hybrid,,Director,"DevOps, Esprit, Google Cloud Platform (GCP), أمازون إي سي 2, إدارة تهيئة البرامج, التدريب بقيادة معلم, التواصل بين الناس, ترحيل البيانات, مايكروسوفت أزور, and مهارات التعامل بين الأشخاص"
"Engineering Lead, DevOps - X Delivery",BCG X,"Casablanca, Casablanca-Settat, Morocco",Full-time,,,Associate,"C, SAP, Technical Specs, Unix, webMethods, إدارة الحوادث, اتصال قاعدة بيانات جافا, الدعم الفني, المتطلبات الوظيفية, قيادة فرق عمل, and مهارات التعامل بين الأشخاص"
Ingénieur études et développement .net Confirmé (F/H) - Rabat,Cegedim,"Rabat, Rabat-Salé-Kenitra, Morocco",Full-time,,,Mid-Senior level,"Ansible, Apache Kafka, Azure Kubernetes Service (AKS), DevOps, Keycloak, أنظمة المعلومات, الالتزام بالمعايير, التطبيقات السحابية, تكامل مستمر, قواعد البيانات, and مايكروسوفت أزور"
Ingénieur Expérimenté Cloud F/H,Deloitte,"Mechouar, Casablanca-Settat, Morocco (Hybrid)",Full-time,Hybrid,,Associate,"C, Financial Management, High Level Of Accuracy, Priority Management, Unix, أنظمة المعلومات, إدارة المشروعات, استقلالية, الإنجليزية, العربية, and هندسة الحاسوب"
 Expert Webmethods (F/H),CGI,"Rabat, Rabat-Salé-Kenitra, Morocco (Hybrid)",Full-time,Hybrid,,Associate,"Priority Management, الاتصالات, التحسين, التفاوض, and خفض التكلفة"
DevOps Azure (H/F),LabelVie,"Prefecture of Casablanca, Casablanca-Settat, Morocco (On-site)",Full-time,On-site,,Entry level,"Comic Books, Compellent, Convincing People, Paper Prototyping, Technology Intelligence, الاتصالات, الحوسبة, الكتابة, المهارات المؤسسية, and نظام إدارة قاعدة البيانات (DBMS)"
Chef de projet Billing SI et développement Services,Orange Maroc,"Prefecture of Casablanca, Casablanca-Settat, Morocco (On-site)",Full-time,On-site,,Associate,"Digital Technology, High Level Of Accuracy, أنظمة المعلومات, إدارة المخاطر, الاتصالات, التواصل بين الناس, المقاييس, الوكيل, مقاييس الأداء, and مهارات التعامل بين الأشخاص"
Animateur Optimisation Economique Cellule H/F,SEGULA Technologies,"Mechouar, Casablanca-Settat, Morocco (On-site)",Entry level,On-site,,Mid-Senior level,"Bitbucket, Cucumber, Java, Python, احتشاد, الإنجليزية, الاتصالات, غيت هاب, قاعدة بيانات أوراكل, and قواعد البيانات"
 Leader Technique Windev (F/H) ,CGI,"Casablanca-Settat, Morocco (Hybrid)",Entry level,Hybrid,,Associate,"Esprit, PostgreSQL, Sprint Planning, الاختبار الوظيفي, المهارات المؤسسية, الميكنة, سيناريوهات الاختبار, فحص التراجع/الانحدار, مهارات التعامل بين الأشخاص, and هندسة الاختبار"
Proxy Product Owner Pricing (H/F),LabelVie,"Casablanca-Settat, Morocco (On-site)",Full-time,On-site,,Associate,"CSS, HTML5, JavaScript, JavaScript Frameworks, NestJS, PostgreSQL, TypeORM, اختبار الوحدة, العمارة الفنية, and تطوير تطبيقات الجوال"
 Expert Test et Automatisation (F/H),CGI,"Rabat, Rabat-Salé-Kenitra, Morocco (Hybrid)",Full-time,Hybrid,,Associate,"إدارة المشكلات, احتشاد, الإنجليزية, الاتصالات, الفرنسية, المعالجة, المهارات التحليلية, سيرفيس ياو, لوحة التحكم, and مكتبة البنية التحتية لتقنية المعلومات"
Ingénieur Test et Automatisation Confirmé (F/H) - Rabat (Maroc),Cegedim,"Rabat, Rabat-Salé-Kenitra, Morocco",Full-time,,,Mid-Senior level,.NET
Développeur Javascript confirmé VueJs/React/NestJs (H/F)-RABAT-MAROC,Cegedim,"Rabat, Rabat-Salé-Kenitra, Morocco",Full-time,,,Mid-Senior level,"Digital Technology, إدارة المشروعات, الإنجليزية, الاتصالات, البث التلفزيوني عبر الانترنت, الحوسبة السحابية, العربية, الفرنسية, القيادة, and المهارات التحليلية"
Problem Engineer,ALTEN,"Rabat, Rabat-Salé-Kenitra, Morocco (Hybrid)",Full-time,Hybrid,,Mid-Senior level,"Contingency, Margin Analysis, إعداد تقارير التكلفة, التحكم في التكلفة, التدفق النقدي, التوقعات, المالية, تكلفة المشروع, فائدة التكلفة, and محاسبة التكلفة"
Dev Fullstack Java/React,DXC Technology Morocco,Casablanca Metropolitan Area (Hybrid),Full-time,Hybrid,,Associate,"DSI, الاتصالات, العمل الجماعي, الكشوف المالية, المحاسبة القانونية, المراجعة الداخلية, تدقيق تقنية المعلومات, جيه دي إدواردز, معايير المحاسبة, and نظام إدارة قاعدة البيانات (DBMS)"
Project Manager,Orange Business Maroc,Casablanca Metropolitan Area (Hybrid),Full-time,Hybrid,,Associate,"DAX, Microsoft Excel, Microsoft Power BI, and تحليل البيانات للأعمال التجارية"
Senior Cost Controller,JESA S.A,"Casablanca, Casablanca-Settat, Morocco (Hybrid)",Full-time,Hybrid,,Mid-Senior level,"Angular, CMS, CSS, Git, HTML, JavaScript, Vue.js, اكتشاف الأخطاء وإصلاحها, تصميم ويب مستجيب, and دورة حياة تطوير الأنظمة"
Stage Audit IT F/H,Deloitte,"Mechouar, Casablanca-Settat, Morocco (Hybrid)",Mid-Senior level,Hybrid,,Associate,"Python, R, VBA, VBA Excel, and المالية"
Report Designer (M/F),Orange Business Maroc,"Rabat, Rabat-Salé-Kenitra, Morocco (Hybrid)",Full-time,Hybrid,,Mid-Senior level,"Hypertext Transfer Protocol (HTTP), Iperf, L2TP, Process Explorer, Procmon, Tcpdump, Technical Advisory, الألمانية, الإنجليزية, and الاتصالات"
Senior Front-end Developer,Leyton,Casablanca Metropolitan Area (Hybrid),Full-time,Hybrid,,Mid-Senior level,"Meeting Facilitation, Supplier Management, إدارة الفرق, التخطيط المتقدم لجودة المنتجات, التسويق, التفاوض, العمل الجماعي, بناء فرق العمل, قيادة فرق عمل, and هندسة الكهرباء"
Ingénieur quantitatif Senior,CREDIT DU MAROC,Casablanca Metropolitan Area (On-site),Contract,On-site,,Internship,"Catalog Marketing, High Level Of Accuracy, Microsoft Excel, Office Automation, استقلالية, التواصل بين الناس, المهارات المؤسسية, مهارات التعامل بين الأشخاص, and وضع نماذج البيانات"
Software Support Expert Engineer (German Language),Acronis,"Rabat, Rabat-Salé-Kenitra, Morocco",Full-time,,,Associate,"GIS Applications, Technology Intelligence, التجارة, الدعم الفني, المهارات المؤسسية, and معالجة الحوادث"
Chargé de Développement Infotainment,Expleo Group,"Tangier, Tanger-Tetouan-Al Hoceima, Morocco (Hybrid)",Full-time,Hybrid,,Mid-Senior level,"CSS, Doctrine (PHP), Esprit, HTML, JavaScript, الاتصالات, التجارة, الشبكة الداخلية, تصميم ويب مستجيب, and تطوير الشبكة للواجهات الخلفية"
Data Owner - Catalog,Orange Business Maroc,"Rabat, Rabat-Salé-Kenitra, Morocco (Hybrid)",Full-time,Hybrid,,Associate,"Coordinating Skills, DCS, Electrical Power Systems, Hybrids, Post Processing, الكتابة, and المعالجة"
Expert Infrastructure,Attijariwafa bank,"Casablanca-Settat, Morocco (On-site)",Full-time,On-site,,Mid-Senior level,"Angular, CSS, Digital Technology, HTML5, Intellectually Curious, Vue.js, الهندسة, تطبيق أنجولارجس, تطوير الواجهة الأمامية, and نظام نود.جي إس"
Développeur(se) Web Full Stack expérimenté(e) F/H,Deloitte,"Mechouar, Casablanca-Settat, Morocco (Hybrid)",Full-time,Hybrid,,Mid-Senior level,"DevOps, Esprit, Google Cloud Platform (GCP), أمازون إي سي 2, إدارة تهيئة البرامج, التدريب بقيادة معلم, التواصل بين الناس, ترحيل البيانات, مايكروسوفت أزور, and مهارات التعامل بين الأشخاص"
ADAS Software Architect,Capgemini Engineering,Casablanca Metropolitan Area (Hybrid),Full-time,Hybrid,,Executive,"Cisco Networking, إدارة الشبكات, التوجيه, and الشبكة محلية النطاق-الشبكة واسعة النطاق"
INGÉNIEUR DÉVELOPPEUR CONCEPTEUR ANGULAR - RABAT (H/F),SQLI,Rabat Metropolitan Area (Hybrid),Full-time,Hybrid,,Associate,"Google Sheets, Python, الإنجليزية, الاتصالات, الاتصالات الكتابية, التحليلات, المهارات التحليلية, تحليلات البيانات, حل المشاكل, and مؤشرات الأداء الرئيسية"
Ingénieur Expérimenté Cloud F/H,Deloitte,"Mechouar, Casablanca-Settat, Morocco (Hybrid)",Full-time,Hybrid,,Associate,"Uranium, التعدين, التنمية المستدامة, الهندسة الكيميائية, تصميم المحطات, قيادة فرق عمل, نقل التقنية, and هندسة العمليات"
INGENIEUR RESEAUX ET TELECOM H/F,MAROCLEAR,Casablanca Metropolitan Area (On-site),Full-time,On-site,,Associate,"Java, JavaScript, and SQL"
Senior Operations Analyst - Morocco,Glovo,"Casablanca, Casablanca-Settat, Morocco (Hybrid)",Full-time,Hybrid,,Mid-Senior level,"Encoding, Fault Analysis, Roll Forming, Simulink, UML, الإنجليزية, الاتصالات, الاستجابة, التصميم الوظيفي, and مطلب"
Directeur de la technologie/Directrice de la technologie,INNOVX,Casablanca Metropolitan Area (On-site),Full-time,On-site,,Associate,"Automobiles, Competency Management, Costings, Design Tools, Supplier Management, إدارة الفرق, الإنتاج بوسائل ميكانيكية, صفائح المعادن, مد الأنابيب, and وضع النماذج ثلاثية الأبعاد"
Senior Java Software Engineer,Société Générale - Africa Technologies & Services,"Casablanca, Casablanca-Settat, Morocco (Hybrid)",Full-time,Hybrid,,Entry level,".NET, GxP, Kendo Ui, Technical Skillset, Technology Intelligence, الصلة, المهارات المؤسسية, تقنيات ميكروسوفت, خدمات ما قبل البيع, and كتابة مقترحات المشروعات"
ADAS Technical Functional Designer ,APSIDE Maroc,"Casablanca-Settat, Morocco (On-site)",Full-time,On-site,,Associate,"General Data Protection Regulation (GDPR), إدارة إجراء التغييرات, إدارة المشاريع في المؤسسة (EPM), إدارة المشروعات, التجارة, التفاوض, العمل الجماعي, المهارات التحليلية, تخطيط المشاريع, and قيادة فرق عمل"
Engineering Team Manager (H/F),Capgemini Engineering,"Casablanca-Settat, Morocco (Hybrid)",Full-time,Hybrid,,Internship,Angular and Java
Architecte technique Microsoft,SQLI,"Casablanca, Casablanca-Settat, Morocco (Remote)",Full-time,Remote,,Mid-Senior level,"Coordinating Skills, DCS, Electrical Power Systems, Hybrids, Post Processing, الكتابة, and المعالجة"
Consultant EPM F/H,VISEO,"Casablanca, Casablanca-Settat, Morocco (Hybrid)",Full-time,Hybrid,,Director,"Coordinating Skills, Figures, Service Focused, اختبار قابلية الاستخدام, استخراج, الاتصالات, تدريب المستخدم, تعقب المشروع, فرق المشروع, and مهارات التعامل بين الأشخاص"
Développeur Fullstack Java Angular ,Orange Business Maroc,"Rabat, Rabat-Salé-Kenitra, Morocco (Hybrid)",Full-time,Hybrid,,Mid-Senior level,"Angular, Cucumber, Java, Mockito, Spring Framework, أنماط التصميم, اتصال قاعدة بيانات جافا, السكون, تطوير الشبكة للواجهات الخلفية, and نظام إدارة قاعدة البيانات (DBMS)"
Ingénieur Test Software embarqué ,Capgemini Engineering,Casablanca Metropolitan Area (Hybrid),Full-time,Hybrid,,Mid-Senior level,"CSS, HTML, Java, JavaScript, إدارة خدمة تقنية المعلومات, التواصل بين الناس, سيرفيس ياو, مفردات التسليم, مكتبة البنية التحتية لتقنية المعلومات, and مهارات التعامل بين الأشخاص"
Stagiaire PFE - Operations Excellence Analyst (F/H),VISEO,Morocco (On-site),Full-time,On-site,,Entry level,"Analytical Capability, Persuader, Risk Governance, Synthesizing, إدارة التكوين, الإنجليزية, التواصل بين الناس, برنامج إدارة المشروع, تسهيل, and مهارات التعامل بين الأشخاص"
Senior Java & Web Technologies Application Developer,IBM,"Casablanca, Casablanca-Settat, Morocco (On-site)",Full-time,On-site,,Internship,"Best Case, إنهاء, الإنجليزية, الاتصالات, التفاوض, العمل الجماعي, المبيعات, تفاعل العملاء, عملية المبيعات, and قيادة فريق متعدد التخصصات"
Consultant ServiceNow,Orange Business Maroc,"Rabat, Rabat-Salé-Kenitra, Morocco (Hybrid)",Full-time,Hybrid,,Associate,"Angular, Apache Kafka, Elasticsearch, Java, React.js, Spring Boot, Spring Framework, Talend, البيانات الكبيرة, and السكون"
Leader Ingénierie Système clim et refroidissement H/F,SEGULA Technologies,"Mechouar, Casablanca-Settat, Morocco (On-site)",Mid-Senior level,On-site,,Associate,"CRM, Change Requests, NetSuite, Report Building, Workflow Management, أنظمة المعلومات, إدارة النظم, الاتصالات, تحليل الأعمال التجارية, and تدريب المستخدم"
Sales Executive - Agadir,Glovo,"Agadir, Souss-Massa, Morocco (Hybrid)",Full-time,Hybrid,,Associate,"Offshore, Unix, WS, webMethods, اتصال قاعدة بيانات جافا, الاتصالات, المحاسبة القانونية, تكامل تطبيقات الشركة, صور منشأة بالحاسوب (CGI), and معايير المحاسبة"
Développeur Java F/H,VISEO,"Aîn-Chock, Casablanca-Settat, Morocco (On-site)",Full-time,On-site,,Mid-Senior level,"Agile Environment, Digital Technology, Intellectually Curious, Terraform, الإنجليزية, التقنيات الناشئة, الحوسبة السحابية, الهندسة, ترحيل البيانات, and مايكروسوفت أزور"
Ingénieur Développement logiciel Java/Angular,Be Ys Outsourcing Services Maroc,Casablanca Metropolitan Area (On-site),Full-time,On-site,,Associate,"Data Integrity, Information Technology Infrastructure, Root Cause Problem Solving, استقلالية, الاتصالات, الدعم الفني, حل المشاكل, حل المشكلات, ضمان الكفاءة التشغيلية, and قواعد البيانات"
Ingénieur Système d'information,Digimind - an Onclusive company,"Rabat, Rabat-Salé-Kenitra, Morocco (Hybrid)",Full-time,Hybrid,,Mid-Senior level,"C#, InfoPath Forms, SharePoint, Synthesizing, الإنجليزية, الاتصالات, الحوسبة السحابية, الميكنة, خادم SharePoint, and مايكروسوفت أزور"
Expert Webmethods (F/H),CGI,"Rabat, Rabat-Salé-Kenitra, Morocco",Full-time,,,Associate,"Capabilities Development, Journaling, Professional Development, Safety Practices, Technology Intelligence, إدارة الحوادث, إدارة الفرق, تسوية الخلافات, حل المشاكل, and خطط المشروع"
Ingénieur Cloud AWS/Azure,Orange Business Maroc,Casablanca Metropolitan Area (Hybrid),Full-time,Hybrid,,Entry level,Java and Spring Framework
Ingénieur Systèmes & BD,S2M,Casablanca Metropolitan Area (On-site),Full-time,On-site,,Mid-Senior level,"Java, Liferay, jBPM, jQuery, بروتوكول الوصول إلى الكائن البسيط, and خدمة رسائل الجافا (JMS)"
Développeur Sharepoint,Alter Solutions Maroc,"Casablanca, Casablanca-Settat, Morocco (On-site)",Full-time,On-site,,Director,"Customer Journeys, High Level Of Accuracy, Project Managers, Technical Specs, إدارة المشروعات, الاتصالات, العمل الجماعي, المهارات المؤسسية, تعقب المشروع, and قواعد البيانات"
Associate DevOps Manager,Leyton,Casablanca Metropolitan Area (Hybrid),Full-time,Hybrid,,Entry level,"Coordinating Skills, DAX, ETL, Investigator Brochures, Synthesizing, الإنجليزية, الاتصالات, برنامج QlikView, تحليلات البيانات, and لوحة التحكم"
Software Architect/Technical lead,SII SERVICES MAROC,"Rabat, Rabat-Salé-Kenitra, Morocco (On-site)",Full-time,On-site,,Associate,أعمال تجارية and تحليل الأعمال التجارية
Développeur Java-Liferay,Inetum,"Prefecture of Casablanca, Casablanca-Settat, Morocco (Hybrid)",Full-time,Hybrid,,Associate,"DevOps, Google Cloud Platform (GCP), Network Provisioning, Virtual Networks, إدارة التكوين, التدريب بقيادة معلم, التواصل بين الناس, التوثيق الفني, تكوين النظام, and مهارات التعامل بين الأشخاص"
Chef de projet,Sofrecom Maroc,"Rabat, Rabat-Salé-Kenitra, Morocco (Hybrid)",Entry level,Hybrid,,Associate,"Angular, Apache Kafka, High Level Of Accuracy, Java, Java Development, Struts, السكون, تكامل مستمر, جنكينز, and عامل شحن وتفريغ"
Développeur Power BI expérimenté,Alter Solutions Maroc,"Casablanca, Casablanca-Settat, Morocco (On-site)",Mid-Senior level,On-site,,Associate,"Full-Stack Development, GxP, Java, Maven, Struts, اختبار الوحدة, التصميم الهندسي, تطوير الشبكة للواجهات الخلفية, تكدس, and وثائق التصميم"
Business Analyst/recetteur AMOA,ALTEN,"Rabat, Rabat-Salé-Kenitra, Morocco (Hybrid)",Full-time,Hybrid,,Mid-Senior level,"Budgeting & Forecasting, إعداد الميزانية, الاتصالات, التحليل المالي, التحليلات الكمية, التوقعات, العروض التقديمية, المالية, حل المشاكل, and مؤشرات الأداء الرئيسية"
Architecte Expérimenté Cloud F/H,Deloitte,"Mechouar, Casablanca-Settat, Morocco (Hybrid)",Internship,Hybrid,,Entry level,"CSS, Jasmine Framework, OOP, أدوات التطوير, اختبار البرمجيات, البدء, تطوير البرمجيات, حالات الاختبار, حل المشاكل, and منطق الأعمال التجارية"
Développeur Java / JEE -Senior- CDI - F/H,Eviden,"Prefecture of Casablanca, Casablanca-Settat, Morocco (Hybrid)",Full-time,Hybrid,,Mid-Senior level,"Candidate Selection, Job Applications, التحري, and قواعد البيانات"
Développeur Confirmé Java Full stack (H/F) RABAT (Maroc),Cegedim,"Rabat, Rabat-Salé-Kenitra, Morocco",Full-time,,,Associate,".NET, Angular, C#, Git, JavaScript, Model-view-viewmodel (MVVM), REST, TypeScript, إطار الكيان, and الإنجليزية"
BCG X Senior Product Financial Analyst,Boston Consulting Group (BCG),"Casablanca, Casablanca-Settat, Morocco",Full-time,,,Associate,"Digital Technology, Java, Java Development, Spring Framework, Struts, أوجه خادم جافا (JSF), استقلالية, السكون, تطوير الشبكة للواجهات الخلفية, and خدمات الويب"
"(Senior) Software Engineer, Quality - X Delivery",BCG X,"Casablanca, Casablanca-Settat, Morocco (Hybrid)",Full-time,Hybrid,,Mid-Senior level,"3D Studio Max, CSS, GxP, HTML5, Module Development, Technology Intelligence, TypeScript, أوامر بداية تحميل, البرمجة, and الهندسة المعمارية"
Stage de pré-embauche (6 mois) - Recruteur IT (H/F),Atlas Talents,"Marrakesh, Marrakesh-Safi, Morocco (Hybrid)",Full-time,Hybrid,,Mid-Senior level,"MEP Coordination, SLA, التواصل بين الناس, الكتابة, اللغة الإنجليزية للأعمال, المتطلبات الوظيفية, المهارات المؤسسية, تسهيل, عضو في البرلمان الأوروبي, and مهارات التعامل بين الأشخاص"
.NET Developer (m/f),Hahn Software,Morocco (Remote),Full-time,Remote,,Associate,"Continuous Integration and Continuous Delivery (CI/CD), DevOps, JavaScript, Kubernetes, Linux, Python, Terraform, التطبيقات السحابية, الحوسبة السحابية, and عامل شحن وتفريغ"
Java/JEE Développeur (Confirmés et Séniors) H/F,Inetum,Rabat Metropolitan Area (On-site),Full-time,On-site,,Executive,"Cloud Infrastructure, DevOps, Flux, Kubernetes, Python, Terraform, إدارة تهيئة البرامج, إدارة نظم لينوكس, تطوير البرمجيات, and تكامل مستمر"
Architecte Front,SQLI,"Casablanca, Casablanca-Settat, Morocco (Remote)",Full-time,Remote,,Associate,"CANoe, Coordinating Skills, Detailed Design, Model Design, Vector CANalyzer, الاتصالات, بروتوكولات الاتصال, متطلبات البرنامج, متطلبات العملاء, and متطلبات النظام"
CHARGÉ(E) DE NORMES ET DOCTRINES,BMCI Groupe BNP Paribas,Casablanca Metropolitan Area (On-site),Mid-Senior level,On-site,,Associate,"GitOps, Kubernetes, New Product Rollout, التواصل بين الناس, حل المشاكل, حل المشكلات, حلول النسخ الاحتياطي, سياسة الأمن, كفاءة التكلفة, and مهارات التعامل بين الأشخاص"
Chef de Projet BI Anglophone (F/H) ,CGI,"Casablanca-Settat, Morocco (Hybrid)",Mid-Senior level,Hybrid,,Mid-Senior level,"Compellent, Convincing People, New Product Rollout, Paper Prototyping, Technology Intelligence, الاتصالات, الحوسبة, الكتابة, المهارات المؤسسية, and نظام إدارة قاعدة البيانات (DBMS)"
Chef de Projet BI Anglophone (F/H),CGI,"Casablanca, Casablanca-Settat, Morocco",Full-time,,,Entry level,"Compellent, Convincing People, New Product Rollout, Paper Prototyping, Technology Intelligence, الاتصالات, الحوسبة, الكتابة, المهارات المؤسسية, and نظام إدارة قاعدة البيانات (DBMS)"
DevOps Technical Lead,Oracle,"Casablanca-Settat, Morocco (On-site)",Full-time,On-site,,Associate,"HTML5, Java, JavaScript, Linux, MySQL, Objective-C, PHP, REST APIs, إدارة المشروعات, and برنامج مونجودب"
Ingénieur DevOps SRE Senior,Devoteam,"Dar Chaffai, Casablanca-Settat, Morocco (Remote)",Full-time,Remote,,Associate,"DevOps, Optimization Strategies, Python, YAML, اختبار التحميل, التواصل بين الناس, تخطيط القدرة, تطوير البرمجيات, مستويات الخدمة, and مهارات التعامل بين الأشخاص"
MBD Engineer,ALTEN MAROC,"Rabat, Rabat-Salé-Kenitra, Morocco (Hybrid)",Full-time,Hybrid,,Associate,"Bloomberg, الأسواق الناشئة, الإنجليزية, الاتصالات, الدخل الثابت, العمل الجماعي, العملة, المهارات التحليلية, تحليل البيانات, and ماكرو"
Ingénieur DevOps Kubernetes | Devoteam Maroc Nearshore,Devoteam,"Rabat, Rabat-Salé-Kenitra, Morocco (Hybrid)",Full-time,Hybrid,,Associate,"Intellectually Curious, Zephyr, اختبار البرمجيات, الإنجليزية, الفرنسية, المتطلبات الوظيفية, المهارات التحليلية, الميكنة, سيلينيوم, and ميكنة الاختبارات"
Leader Technique Dot Net (F/H),CGI,"Casablanca, Casablanca-Settat, Morocco",Internship,,,Mid-Senior level,"Ansible, DevOps, Git, OpenStack, PostgreSQL, Python, Robot Framework, Terraform, برنامج ناجيوس, and جنكينز"
Leader Technique Windev (F/H),CGI,"Casablanca, Casablanca-Settat, Morocco",Full-time,,,Associate,"Monitoring Performance, POS Material, الإعلان بالعرض, الاتصالات الإعلانية, الاتصالات ثنائية اللغة, الاستراتيجيات التجارية, التحسين, المهارات المؤسسية, مزج المنتج, and مهارات التعامل بين الأشخاص"
"Ingénieur Web & mobile, Formateur à l’école du code",Orange Maroc,"Rabat, Rabat-Salé-Kenitra, Morocco (On-site)",Full-time,On-site,,Associate,"Computer Programming, GxP, Kubernetes, Linux, Network Provisioning, Safety Practices, Terraform, إدارة تهيئة البرامج, إدارة نظم لينوكس, and ترحيل البيانات"
PROMO ATN,Expleo Group,"Tangier, Tanger-Tetouan-Al Hoceima, Morocco (Hybrid)",Full-time,Hybrid,,Mid-Senior level,"C, Coordinating Skills, Project Managers, Technical Project Management, Technical Understanding, إدارة المشروعات, الاتصالات, المهارات المؤسسية, حل المشاكل, قواعد البيانات, and مكتبة البنية التحتية لتقنية المعلومات"
Ingénieur DevOps Site Reliability Engineer (SRE) | Devoteam Maroc Nearshore,Devoteam,"Rabat, Rabat-Salé-Kenitra, Morocco (Hybrid)",Full-time,Hybrid,,Mid-Senior level,"Gitlab, Java, JavaScript, Maven, Sonar, TypeScript, السكون, جنكينز, قصص المستخدم, and نظام إدارة قواعد البيانات العلائقية"
Emerging Market Strategist,Société Générale - Africa Technologies & Services,"Casablanca, Casablanca-Settat, Morocco (Hybrid)",Full-time,Hybrid,,Entry level,"Desktop Deployment, Root Cause Problem Solving, Technical Skillset, إدارة الأمان, الاتصالات, التحكم في الوصول, العمل الجماعي, تسهيل, حل المشاكل, and قابل للتكيف بسهولة"
ingénieur senior de test et automatisation,Apside,"Prefecture of Casablanca, Casablanca-Settat, Morocco (Hybrid)",Full-time,Hybrid,,Mid-Senior level,"Clienteling, POS, SQL, التجارة, التجارة الإلكترونية, التفاوض, العمل الجماعي, بيع التجزئة متعدد القنوات, تجربة العميل, and فهرسة"
Ingénieur DevOps,Orange Business Maroc,"Rabat, Rabat-Salé-Kenitra, Morocco (Hybrid)",Full-time,Hybrid,,Associate,"Fiber to the x (FTTx), Internal Mobility, Synthesizing, إدارة الحوادث, إدارة الفرق, التحكم في العملية, الكتابة, المهارات المؤسسية, تسهيل, and لجان"
Stagiaire en développement commercial et marketing,marocMaroc,"Rabat, Rabat-Salé-Kenitra, Morocco (On-site)",Full-time,On-site,,Associate,"Defining Requirements, Passionate about Work, Simulink, الإنجليزية, المهارات التحليلية, النظم المدمجة, علم تصميم الإنسان الآلي, مطلب, هندسة الكهرباء, and هندسة النظم"
Ingénieure ou Ingénieur DevOps - Confirmé H/F,Berger-Levrault,"Rabat, Rabat-Salé-Kenitra, Morocco (Hybrid)",Full-time,Hybrid,,Mid-Senior level,"إدارة البيانات, إدارة قواعد البيانات, التحسين, التغليف باستخدام البرامج, التوفر الدائم, ترحيل البيانات, تصميم قواعد البيانات, قاعدة بيانات أوراكل, قواعد البيانات, and نظام إدارة قاعدة البيانات (DBMS)"
Chef de projet infrastructure,Anywr,Casablanca Metropolitan Area (On-site),Internship,On-site,,Entry level,"Gitlab, Listen, Technical Skillset, Terraform, إدارة تهيئة البرامج, استقلالية, الاتصالات, الحوسبة السحابية, ترحيل البيانات, and متطلبات العملاء"
Développeur Back end Java Senior,Orange Business Maroc,"Rabat, Rabat-Salé-Kenitra, Morocco (Hybrid)",Full-time,Hybrid,,Entry level,"Digital Technology, HTML, POS Material, Photoshop, PowerPoint, أنظمة المعلومات, إعداد التقارير, الإعلان بالعرض, الاتصالات, التحرير, اللافتات, and المخطط"
Ingénieur Cybersécurité,Alter Solutions Maroc,"Casablanca, Casablanca-Settat, Morocco (On-site)",Mid-Senior level,On-site,,Associate,"Security Operations Center, اختبار الاختراق, الأمان الرقمي, التدريب, التدريب الفني, التدقيقات الأمنية, التصميم التعليمي, تدريب الموظفين, مركز الخليج للأبحاث, and معيار ISO 27001"
Consultant Cegid Retail Y2,VISEO,"Aîn-Chock, Casablanca-Settat, Morocco (On-site)",Full-time,On-site,,Associate,"Aura, Salesforce.com, إدارة الجودة, الاتصالات, التحكم في الجودة, بعد البيع, تأمين الجودة, تدقيق الجودة, نظام الجودة, and نوعية البيانات"
Directeur de Projet Réseaux et Télécom ,ALTEN MAROC,"Fez, Fès-Meknès, Morocco (Hybrid)",Full-time,Hybrid,,Mid-Senior level,Java
BMS Software Engineer,AVL,Rabat Metropolitan Area (Hybrid),Full-time,Hybrid,,Associate,"Active Listening, ETL, Java, Salesforce.com, XML, Zuora, الإنجليزية, بروتوكول الوصول إلى الكائن البسيط, خدمات الويب, and قصص المستخدم"
Administrateur Bases de données EKIP,Devoteam,"Sidi Ifni, Guelmim-Oued Noun, Morocco (On-site)",Full-time,On-site,,Associate,"الإدارة, الإنجليزية كلغة ثانية, الحوسبة السحابية, الملفات الشخصية, تحضير, and قاعدة المعارف"
Ingénieur Expérimenté Cloud F/H,Deloitte,"Mechouar, Casablanca-Settat, Morocco (Hybrid)",Full-time,Hybrid,,Associate,"Analytical Reasoning, C#, Root Cause Problem Solving, الاتصالات, البرمجة, النظم المدمجة, برمجة الجهاز, تصميم البرمجيات, تطوير البرمجيات, and حل المشاكل"
Stagiaire infographiste (H/F),LabelVie,"Casablanca-Settat, Morocco (On-site)",Full-time,On-site,,Mid-Senior level,"Ansible, DevOps, Gitlab, Kubernetes, Linux, Terraform, إل‌داب, جنكينز, عامل شحن وتفريغ, and نظام DNS"
Formateur en Cybersécurité (H/F),DataProtect,"Casablanca-Settat, Morocco (On-site)",Full-time,On-site,,Entry level,"JSP, Microservices, Servlets, Spring Batch, Spring Cloud, Spring Framework, Struts, اتصال قاعدة بيانات جافا, السكون, and معالجة بالدفعات"
Consultant Senior Data quality ( F/H),CGI,"Casablanca, Casablanca-Settat, Morocco",Mid-Senior level,,,Associate,"B2, Call Tracking, Customer Satisfaction (CSAT), Escalation Process, Voice & Accent, أنظمة التعقب, المهارات الناعمة, تجربة العميل, متطلبات فنية, and مكتب الخدمة"
Ingénieur Etudes et Développement Java Sénior ( H/F),Eviden,"Casablanca-Settat, Morocco (Hybrid)",Full-time,Hybrid,,Internship,"Angular, Flask, HTML5, React.js, Technical Advisory, تطوير البرمجيات, جانغو, حل المشاكل, متطلبات فنية, and نشر البرامج"
Senior Technical Consultant Salesforce,DXC Technology Morocco,Casablanca Metropolitan Area (Hybrid),Full-time,Hybrid,,Mid-Senior level,"Model-based Systems Engineering (MBSE), Synthesizing, Systems Modeling, إدارة النظم, اكتشاف الأخطاء وإصلاحها, البرمجة, تطوير البرمجيات, نظام DNS, نظم التشغيل, and هندسة النظم"
DBA cloud AWS,DXC Technology Morocco,Casablanca Metropolitan Area (Hybrid),Full-time,Hybrid,,Associate,"Apache CXF, Java, Java Enterprise Edition, MyEclipse, Spring Batch, Spring Boot, Spring Framework, UML, أوجه خادم جافا (JSF), السكون, and منصة جافا النسخة التجارية"
Senior R&D Software Engineer C#,Société Générale - Africa Technologies & Services,"Prefecture of Casablanca, Casablanca-Settat, Morocco (Hybrid)",Full-time,Hybrid,,Mid-Senior level,"Agile Development, C#, Garbage Collection, Java, النظم الموزعة, تطوير الشبكة للواجهات الخلفية, سكالا, مؤشرات الأداء الرئيسية, من جانب العميل, and هيكل النظام"
Ingénieur DevOps,SII SERVICES MAROC,"Rabat, Rabat-Salé-Kenitra, Morocco (On-site)",Full-time,On-site,,Entry level,"Office Automation, Rock Climbing, إدارة الحوادث, الإنجليزية, الاتصال بالشبكة, التدريب بقيادة معلم, برنامج Office 365, سيرفيس ياو, مسؤول دعم التطبيقات, and نظم التشغيل"
Tech Lead Java JEE (H/F),SQLI,Casablanca Metropolitan Area (Hybrid),Full-time,Hybrid,,Entry level,"C, Digital Technology, الأخلاقيات, الإنجليزية, التقنيات الناشئة, الحوسبة, الدليل, العربية, الفرنسية, الملفات الشخصية, and المهارات المؤسسية"
Service desk analyst (Canadian French) ,HCLTech,"Rabat, Rabat-Salé-Kenitra, Morocco (On-site)",Full-time,On-site,,Associate,".NET, C#, SQL, WCF, WPF, and نص VB برمجي"
Engineering Lead - X Delivery,BCG X,"Casablanca, Casablanca-Settat, Morocco",Contract,,,Associate,"Commercial, Commercial Proposals, Java, Listen, PL/SQL, SQL, Salary Negotiations, الإنجليزية, التحدث أمام جمور, التفاوض, الحوسبة, تطوير الأعمال التجارية, and مهارات التعامل بين الأشخاص"
Ingénieur système Mbse Sysml,Expleo Group,"Tangier, Tanger-Tetouan-Al Hoceima, Morocco (Hybrid)",Full-time,Hybrid,,Associate,".NET, Compellent, Convincing People, Paper Prototyping, Technology Intelligence, الاتصالات, الحوسبة, الكتابة, المهارات المؤسسية, and نظام إدارة قاعدة البيانات (DBMS)"
Senior Java Software Engineer,Capgemini,"Casablanca-Settat, Morocco (Hybrid)",Full-time,Hybrid,,Associate,"إدارة الفرق, استخراج, الإدارة التجارية, الاتصالات, العروض التقديمية, العمل الجماعي, المالية, حل المشاكل, شركة Sage Products, and نظام إدارة قاعدة البيانات (DBMS)"
"Engineering Manager in Back End (Bangkok based, relocation provided)",Agoda,"Marrakesh, Marrakesh-Safi, Morocco (Hybrid)",Full-time,Hybrid,,Mid-Senior level,".NET, Azure Service Bus, Blazor, C#, Microservices, Synthesizing, اختبار الوحدة, التدريب بقيادة معلم, التواصل بين الناس, and مهارات التعامل بين الأشخاص"
Ingénieur support applicatif niveau 2 expérimenté(e) F/H,Deloitte,"Mechouar, Casablanca-Settat, Morocco (Hybrid)",Full-time,Hybrid,,Associate,"Intellectually Curious, Meeting Facilitation, SAP, SAP BW, SAP HANA, SAP Lumira, Spotfire, الاختبار الوظيفي, المتطلبات الوظيفية, and ذكاء الأعمال بشركة ساب"
Responsable Ecole du Code - ODC Rabat,Orange Maroc,"Rabat, Rabat-Salé-Kenitra, Morocco (On-site)",Mid-Senior level,On-site,,Associate,"Client Focus, JSP, JUnit, JavaServer Pages Standard Tag Library (JSTL), Mockito, SAP, التصميم الهندسي, التواصل بين الناس, التوثيق الفني, and صيانة تصحيحية"
Développeur Dotnet/Développeuse Dotnet,SII SERVICES MAROC,Casablanca Metropolitan Area (On-site),Full-time,On-site,,,"Angular, Encoding, Homologation, Sales Order Processing, أوامر الشراء, استقلالية, السكون, حل المشاكل, حل المشكلات, and ميكنة الاختبارات"
IT implementation Engineer / English speaker,HPS,Casablanca Metropolitan Area (Hybrid),Full-time,Hybrid,,,"أوبرا, إدارة العوائد, الإدارة, الاتصالات, التحسين, التعديلات, العائد, and تأكيد"
Leader Technique Dot Net (F/H) ,CGI,"Casablanca-Settat, Morocco (Hybrid)",Full-time,Hybrid,,,"Computer Language, Computer Programming, التمويل الكمي, الحلول الحسابية, الذوق, الرياضيات, العمل الجماعي, الكواشف, كتابة نصوص برمجية, and مهارات الإبداع"
Consultant Support Sage 100 Cloud,Sage,"Casablanca, Casablanca-Settat, Morocco (Hybrid)",Full-time,Hybrid,,,"Collaborative Work, Intellectually Curious, Professional Development, الاتصالات, البحث والتطوير, الحوسبة, الفرنسية, المهارات التحليلية, روح الفريق, and مهارات التعامل بين الأشخاص"
Développeur .NET (C#) expérimenté F/H,Deloitte,"Mechouar, Casablanca-Settat, Morocco (Hybrid)",Full-time,Hybrid,,,".NET, Angular, C#, JavaScript, اختبار الوحدة, الإنجليزية, المنهجيات السريعة, خبرة المستخدمين, قواعد بيانات ارتباطية, and قيادة فرق عمل"
Consultant SAP BW Senior F/H - Casablanca,Eviden,"Prefecture of Casablanca, Casablanca-Settat, Morocco (Hybrid)",Full-time,Hybrid,,,"Angular, Encoding, Homologation, Sales Order Processing, أوامر الشراء, استقلالية, السكون, حل المشاكل, حل المشكلات, and ميكنة الاختبارات"
Consultant Hybris /SAP Commerce Cloud H/F,Inetum,"Casablanca, Casablanca-Settat, Morocco (On-site)",Full-time,On-site,,,"JUnit, Java, Java Development, Spring Framework, الخسوف, تطوير التطبيقات, تطوير الشبكة للواجهات الخلفية, تكامل مستمر, خدمات ويب مريحة, and معالجة بالدفعات"
Expert Technique Java / Angular (F/H),CGI,"Rabat, Rabat-Salé-Kenitra, Morocco",Full-time,,,,"DevOps, Java, Python, التصميم المعماري, الحوسبة السحابية, النظم الموزعة, تطوير البرمجيات, قيادة فرق عمل, هندسة البيانات, and هياكل البيانات"
System team lead,Capgemini Engineering,"Casablanca-Settat, Morocco (Hybrid)",Full-time,Hybrid,,,"DevOps, DevSecOps, أدوات آلية, إدارة الإطلاق, البرمجة, التكامل, الهندسة, تكامل مستمر, علوم الحاسب الآلي, and لغات البرمجة"
Agent Réservations,Dakhla Club,"Dakhla, Dakhla-Oued Ed-Dahab, Morocco (On-site)",Full-time,On-site,,,"Git, Gradle, Java, Liferay, Maven, Struts, الإنجليزية, السكون, المنهجيات السريعة, and جنكينز"
Ingénieur Structuration d'Indice,Société Générale - Africa Technologies & Services,"Casablanca, Casablanca-Settat, Morocco (Hybrid)",Full-time,Hybrid,,,"Microsoft Dynamics ERP, Service Focused, إحصاءات أوراكل المالية, إدارة الخزانة, إدارة المشتريات, إدارة النقد, إدارة عمليات تجارية, استيراد/تصدير, تخطيط موارد المؤسسات, and علم التربية"
Consultant R&D ICT,Leyton,"Prefecture of Casablanca, Casablanca-Settat, Morocco (On-site)",Full-time,On-site,,,"Angular, Integration Projects, REST APIs, Software Architecture, Synthesizing, Technical Skillset, UML, User Management, التصميم الهندسي, and واجهات برمجة التطبيقات"
Senior Application Developer/Team Lead,TransPerfect,"Rabat, Rabat-Salé-Kenitra, Morocco (Hybrid)",Full-time,Hybrid,,,"High Level Of Accuracy, Listen, Priority Management, الإنجليزية, الاتصالات, الاتصالات الكتابية, التواصل بين الناس, العلاقات مع العملاء, الفرنسية, and المهارات المؤسسية"
Expert Technique Java/ Angular (F/H),CGI,"Rabat, Rabat-Salé-Kenitra, Morocco (On-site)",Full-time,On-site,,,"Angular, Fortify Software Security Center, Java, Java API, Spring Boot, Spring Framework, اختبار الوحدة, التصميم الهندسي, تطوير الواجهة الأمامية, and واجهات برمجة التطبيقات"
Développeur Java senior (H/F),Maltem Africa,"Casablanca-Settat, Morocco (On-site)",Full-time,On-site,,,"CRM, Intellectually Curious, Microsoft Development, Microsoft Dynamics, إدارة الفرق, الإنجليزية, الاتصالات, الدليل, العروض التقديمية, and مايكروسوفت أزور"
Software Development Manager (DevOps),Oracle,"Casablanca-Settat, Morocco (On-site)",Full-time,On-site,,,"Business Schools, Computer Programming, VBA, الأسواق المالية, الاتصالات, التجارة, التمويل الكمي, العمل الجماعي, المالية, and بيانات السوق"
Ingénieur DevOps sénior (H/F),Sofrecom Maroc,"Casablanca-Settat, Morocco (Hybrid)",Full-time,Hybrid,,,"Java, JavaScript, and Salesforce.com"
Ingénieur Développeur Liferay,Orange Business Maroc,Casablanca Metropolitan Area (Hybrid),Associate,Hybrid,,,"Esprit, Technology Intelligence, التعليم العالي, الحوسبة, العمارة الفنية, المهارات التحليلية, المهارات المؤسسية, حجز تذاكر شركات الخطوط الجوية, خبرة العمل, and مكتبة البنية التحتية لتقنية المعلومات"
ANALYSTE SUPPORT ERP DYNAMICS D365 H/F,Tessi,Morocco (On-site),Full-time,On-site,,,"Crunching Numbers, RStudio, الإنجليزية, الاتصالات, الاتصالات الاستراتيجية, التحليلات, المهارات التحليلية, بيانات الشركات, تحليل البيانات, and تخطيط الأسواق"
Ingénieure ou Ingénieur Java/Angular Senior,Berger-Levrault,"Rabat, Rabat-Salé-Kenitra, Morocco (Hybrid)",Full-time,Hybrid,,,"Financial Engineering, Python, Regulatory Projects, البرمجة, التصميم بمساعدة الكمبيوتر, التمويل المهيكل, العمل الجماعي, تحليل وضع التعطل والآثار, تطوير تكنولوجيا المعلومات, and قانون البنوك"
Chargé(e) du support applicatif (H/F),Digital Virgo,"Prefecture of Casablanca, Casablanca-Settat, Morocco (On-site)",Full-time,On-site,,,"Drupal, Technical Project Management, Technical Skillset, Technology Intelligence, إدارة التكنولوجيا, التواصل بين الناس, المهارات المؤسسية, تطوير الواجهة الأمامية, قواعد البيانات, and مهارات التعامل بين الأشخاص"
Ingénieur Java Confirmé H/F,Smile Maroc,"Casablanca-Settat, Morocco (Hybrid)",Full-time,Hybrid,,,"High Level Of Accuracy, Listen, Microsoft Excel, PowerPoint, Team Facilitation, الإنجليزية, الفرنسية, المهارات المؤسسية, رضاء العميل, and مهارات التعامل بين الأشخاص"
Consultant Technique Microsoft Dynamics 365/CRM,Orange Business Maroc,Casablanca Metropolitan Area (Hybrid),Full-time,Hybrid,,,"Fiber to the x (FTTx), IP Networking, أمان الشبكات, إييجرب, بروتوكول البوابة الحدية, تحويل, توازن التحميل, دي إس إل, شبكة عامة لاسلكية, and فورتينت"
Ingénieur Valorisation - Finance de Marché,Société Générale - Africa Technologies & Services,"Casablanca, Casablanca-Settat, Morocco (Hybrid)",Mid-Senior level,Hybrid,,,"Knowledge Acquisition, Performance Motivation, Relationship Development, إدارة النظم, اكتشاف الأخطاء وإصلاحها, الإنجليزية, البنية التحتية, بناء العلاقات, حل المشاكل, and مراكز البيانات"
Réferent technique SalesForce (H/F),Orange Business Maroc,"Rabat, Rabat-Salé-Kenitra, Morocco (Hybrid)",Full-time,Hybrid,,,"GxP, JSP, Java, Software Architecture, Struts, Technical Skillset, الإنجليزية, التصميم الهندسي, التصميم بمساعدة الكمبيوتر, and وثائق التصميم"
Consultant ITSM ServiceNow/EasyVista H/F (Oujda),Tessi,Morocco (Hybrid),Full-time,Hybrid,,,"Java, Spring Boot, and Spring Framework"
"Manager, Marketing Strategy & Analytics (Bangkok-based, relocation provided)",Agoda,"Marrakesh, Marrakesh-Safi, Morocco",Mid-Senior level,,,,"High Level Of Accuracy, JIRA, Perseverant, المتطلبات الوظيفية, المنهجيات السريعة, المهارات التحليلية, المهارات المؤسسية, المواصفات, الهندسة, and مفردات التسليم"
Ingénieur sur Produits Structurés - Regulation,Société Générale - Africa Technologies & Services,"Prefecture of Casablanca, Casablanca-Settat, Morocco (Hybrid)",Full-time,Hybrid,,,"Robot Framework, Sprint Planning, Technical Compliance, اختبارات النظم, الاختبار الوظيفي, الميكنة, تتبع العيوب, فحص التراجع/الانحدار, مهارات التعامل بين الأشخاص, and هندسة الاختبار"
Ingénieur Concepteur Développeur Drupal,SQLI,"Casablanca, Casablanca-Settat, Morocco (On-site)",Full-time,On-site,,,"Angular, Git, JavaScript, Microservices, PostgreSQL, Spring Boot, Spring Cloud, Spring Framework, المنهجيات السريعة, and نظام إدارة قاعدة البيانات (DBMS)"
Superviseur franco anglophone pour une activité Travel,Webhelp,Meknes Metropolitan Area (On-site),Full-time,On-site,,,".NET Core, C#, Career Skills, Full-Stack Development, Graphic Design Principles, HTML, إطار الكيان, تطوير الويب, حل المشكلات, and مهارات التعامل بين الأشخاص"
Ingénieur réseau IP-MPLS H/F,SII SERVICES MAROC,"Casablanca, Casablanca-Settat, Morocco (Hybrid)",Full-time,Hybrid,,,"Gitlab, Java, JavaScript, SQL, Spring Framework, TypeScript, أوامر بداية تحميل, السكون, بروتوكول الوصول إلى الكائن البسيط, and جنكينز"
Senior Infrastructure Engineer - Datacenter,A.P. Moller - Maersk,"Tangier, Tanger-Tetouan-Al Hoceima, Morocco (On-site)",Full-time,On-site,,,Query Languages
Ingénieur Développeur Senior Java Fullstack (H/F)-Rabat-Maroc,Cegedim,"Rabat, Rabat-Salé-Kenitra, Morocco",Full-time,,,,"C#, Cucumber, NUnit, Python, Technical Skillset, Technical Specs, الحوسبة, الريادة الفنية, المتطلبات الوظيفية, and تنفيذ الحل"
Développeur JAVA Full stack confirmé (F/H),Eviden,Casablanca Metropolitan Area (Hybrid),Full-time,Hybrid,,,"Fastlane, Gradle, JIRA, Java, SwiftUI, إدارة المشروعات, اختبار الوحدة, الإدارة السريعة للمشاريع, تطوير نظام Android, and تكامل مستمر"
Ingénieur Intégration solution réseaux ,Orange Business Maroc,"Rabat, Rabat-Salé-Kenitra, Morocco (Hybrid)",Full-time,Hybrid,,,"React.js, SQL, and Vue.js"
Ingénieur test et automatisation sénior H/F - Rabat (Maroc),Cegedim,"Rabat, Rabat-Salé-Kenitra, Morocco",Full-time,,,,"C, C++, and Java"
Ingénieure Full Stack JAVA JEE Senior,SII SERVICES MAROC,Casablanca Metropolitan Area (On-site),Full-time,On-site,,,"Angular, CSS, HTML5, Java, Spring Framework, السكون, تطوير الشبكة للواجهات الخلفية, تطوير الواجهة الأمامية, تكدس, and حل المشكلات"
Ingénieur Concepteur Développeur Fullstack .NET / Angular,SQLI,"Rabat, Rabat-Salé-Kenitra, Morocco (On-site)",Full-time,On-site,,,"Spring Boot, Spring Framework, and عامل شحن وتفريغ"
Expert/tech Lead Java Angular,ALTEN MAROC,"Rabat, Rabat-Salé-Kenitra, Morocco (Hybrid)",Full-time,Hybrid,,,"Microsoft Excel, Microsoft Word, Passionate about Work, Phone Manner, Resiliency, الإنجليزية, الاتصالات, المبيعات, المهارات التحليلية, and مهام متعددة"
Développeur Windev F/H,VISEO,Morocco (Hybrid),Full-time,Hybrid,,,"Alternators, Converter, Electrical Machines, Workbench, إلكترونيات الطاقة, اسطوانات, الإلكترونيات, الهندسة, هندسة الكهرباء, and وضع النماذج"
Technical Leader C#/.Net,Société Générale - Africa Technologies & Services,"Casablanca, Casablanca-Settat, Morocco (Hybrid)",Full-time,Hybrid,,,"Angular, Drupal, GitFlow, JIRA, JavaScript, OOP, PHP, jQuery, البرمجة, and تصميم موجه نحو الهدف"
"Développeur Mobile IOS, Android, KMM",ALTEN,"Rabat, Rabat-Salé-Kenitra, Morocco (Hybrid)",Internship,Hybrid,,,SQL
Développeur Java Senior,ALTEN MAROC,"Rabat, Rabat-Salé-Kenitra, Morocco (On-site)",Full-time,On-site,,,"Single Line Diagrams, الكهرباء, الهندسة الصناعية, and صيانة"
Développeur C & C++,ALTEN MAROC,"Rabat, Rabat-Salé-Kenitra, Morocco (Hybrid)",Full-time,Hybrid,,,"Corporate FP&A, IBM Planning Analytics by TM1, Like Challenges, Process Redesign, Shot Composition, إدارة الأداء, التواصل بين الناس, المالية, المهارات المؤسسية, and مبادلة"
Développeur Java/Angular (H/F),Maltem Africa,"Casablanca-Settat, Morocco (On-site)",Full-time,On-site,,,"Agile Environment, C++, Intellectually Curious, Linux, Listen, Technical Specs, المهارات التحليلية, المواصفات, تطوير التطبيقات, and مهارات التعامل بين الأشخاص"
Ingénieur Etude et développement JAVA Confirmé (H/F) ,Eviden,"Prefecture of Casablanca, Casablanca-Settat, Morocco (On-site)",Part-time,On-site,,,"Coordinating Skills, Quickness, إدارة الفرق, الأسواق المالية, الإنجليزية, التمويل الكمي, العمل الجماعي, بناء فرق العمل, تسهيل, and مهارات الإبداع"
Yield Manager,HBX Group,"Marrakesh-Safi, Morocco (Hybrid)",Full-time,Hybrid,,,"Android, Engine Development, Gmail, الإعلانات, الإنجليزية, التحدث أمام جمور, الفرنسية, تطوير التطبيقات, محتوى عبر الإنترنت, and وسائل الإعلام الاجتماعي"
Chargé développement EE,ALTEN MAROC,Rabat Metropolitan Area (Hybrid),Full-time,Hybrid,,,"Advanced Driver-Assistance Systems (ADAS), Automatic vehicle location (AVL), Ensemble, Flux, Microsoft Excel, VBA, VBA Excel, Workable Solutions, الاتصالات, and ماكرو"
Ingénieur Etudes et Développement DRUPAL Sénior ,Eviden,"Prefecture of Casablanca, Casablanca-Settat, Morocco (Hybrid)",Full-time,Hybrid,,,"CSS, Drupal, Migration Projects, PHP, Symfony Framework, jQuery, التصميم الهندسي, الكتابة التقنية, تصميم ويب مستجيب, and وثائق التصميم"
Modélisateur Business Anglophone,DXC Technology Morocco,"Rabat-Salé-Kenitra, Morocco (Hybrid)",Part-time,Hybrid,,,"Financial Leadership, إدارة الأرياح والخسائر, الأسواق المالية, الإنجليزية, التحليل الائتماني, المخاطر الائتمانية, المهارات التحليلية, عملاء داخليون, ما بعد التصوير, and مهارات التعامل بين الأشخاص"
Stagiaire Infrastructure des moyens généraux,Majorel Africa,"Prefecture of Casablanca, Casablanca-Settat, Morocco (On-site)",Part-time,On-site,,,"Engine Development, Gmail, Remote Work, الإعلانات, الإنجليزية, التحدث أمام جمور, الفرنسية, تطوير التطبيقات, محتوى عبر الإنترنت, and وسائل الإعلام الاجتماعي"
Consultant EPM Anaplan Finance F/H,VISEO,"Casablanca, Casablanca-Settat, Morocco (Hybrid)",Full-time,Hybrid,,,"Engine Development, Gmail, Remote Work, الإعلانات, الإنجليزية, التحدث أمام جمور, الفرنسية, تطوير التطبيقات, محتوى عبر الإنترنت, and وسائل الإعلام الاجتماعي"
Concepteur Developpeur C++ (H/F),Sofrecom Maroc,"Rabat, Rabat-Salé-Kenitra, Morocco (Hybrid)",Full-time,Hybrid,,,"Citrix, Cluster Management, DHCP, Hybrid Cloud, إكسين, الإنجليزية, الحوسبة السحابية, شهادات آيتل, كتلة, and مكتبة البنية التحتية لتقنية المعلومات"
Manager Structuration des Indices,Société Générale - Africa Technologies & Services,"Prefecture of Casablanca, Casablanca-Settat, Morocco (Hybrid)",Part-time,Hybrid,,,"Ansible, IT Solutions, Linux, الأجهزة, الإنجليزية, التواصل بين الناس, العمل الجماعي, برنامج ناجيوس, and ديبيان"
Part-Time Personalized Internet Ads Assessor - French Speakers in Morocco,TELUS International AI Data Solutions,Morocco (Remote),Full-time,Remote,,,"Engine Development, Gmail, Remote Work, الإعلانات, الإنجليزية, التحدث أمام جمور, الفرنسية, تطوير التطبيقات, محتوى عبر الإنترنت, and وسائل الإعلام الاجتماعي"
 Développeur VBA,AVL,Rabat Metropolitan Area (Hybrid),Full-time,Hybrid,,,"Coordinating Skills, Project Direction, Seeing the Bigger Picture, Service Focused, إدارة إجراء التغييرات, إدارة المشروعات, الاتصالات, المهارات المؤسسية, مشاركة المعرفة, and مهارات التعامل بين الأشخاص"
Développeur Senior PHP Drupal Full Stack,ALTEN MAROC,"Rabat, Rabat-Salé-Kenitra, Morocco (Hybrid)",Full-time,Hybrid,,,"High Level Of Accuracy, Intellectually Curious, Learnability, أنظمة المعلومات, أوامر الشراء, الإنجليزية, التواصل بين الناس, الفرنسية, المياه, and مهارات التعامل بين الأشخاص"
Analyste Sales Crédits,Société Générale - Africa Technologies & Services,"Casablanca, Casablanca-Settat, Morocco (Hybrid)",Full-time,Hybrid,,,"Coordinating Skills, Development Project Management, Technical Specs, Technology Intelligence, الإنجليزية, تحليل الاحتياجات, تطوير البرمجيات, تطوير التطبيقات, تنسيق المشروعات, and مشاريع التنمية"
Part-Time Personalized Internet Ads Assessor - French Speakers in Morocco,TELUS International AI Data Solutions,Morocco (Remote),Internship,Remote,,,"Angular, Apache Kafka, High Level Of Accuracy, Java, Java Development, Struts, السكون, تكامل مستمر, جنكينز, and عامل شحن وتفريغ"
Part-Time Personalized Internet Ads Assessor - French Speakers in Morocco,TELUS International AI Data Solutions,Morocco (Remote),Full-time,Remote,,,"Client Focus, Marketing Training, الاتصالات, الاتصالات الكتابية, الاستجابة, التسويق, التفاوض, المبيعات, متطلبات العملاء, and مجاملة"
 Expert SysOps Anglophone(F/H) ,CGI,"Rabat, Rabat-Salé-Kenitra, Morocco (Hybrid)",,Hybrid,,,"Adobe Creative Suite, CATIA, Illustrator, InDesign, Maya, Photoshop, السينما 4D, تقديم ثلاثي الأبعاد, خلاط, and رسوم الكمبيوتر"
Ingénieur Système AIX Confirmé ( H/F),anywr.io,"Casablanca-Settat, Morocco (On-site)",,On-site,,,
Part-Time Personalized Internet Ads Assessor - French Speakers in Morocco,TELUS International AI Data Solutions,Morocco (Remote),,Remote,,,
Chef de Projet Senior Scrum / Agile,CGI,"Fès-Meknès, Morocco (On-site)",,On-site,,,
Ingénieur Support (H/F),Sofrecom Maroc,"Rabat, Rabat-Salé-Kenitra, Morocco (Hybrid)",,Hybrid,,,
Chef de Projet Technique (.NET),SQLI,"Agdal, Fès-Meknès, Morocco (On-site)",,On-site,,,
Développeur Java / JEE -Senior- CDI - F/H,Eviden,"Prefecture of Casablanca, Casablanca-Settat, Morocco (Hybrid)",,Hybrid,,,
"Conseiller(e) Commercial(e) Private ""Stage""",Avito.ma - Frontier Digital Ventures,"Casablanca-Settat, Morocco (On-site)",,On-site,,,
Spécialiste Imagerie Numérique 3D ,ALTEN MAROC,"Fès-Meknès, Morocco (Hybrid)",,Hybrid,,,
